dataPK,dataCompleta,dataDia,dataMes,dataBimestre,dataTrimestre,dataSemestre,dataAno
1,01/01/2017,1,1,1,1,1,2017
2,02/01/2017,2,1,1,1,1,2017
3,03/01/2017,3,1,1,1,1,2017
4,04/01/2017,4,1,1,1,1,2017
5,05/01/2017,5,1,1,1,1,2017
6,06/01/2017,6,1,1,1,1,2017
7,07/01/2017,7,1,1,1,1,2017
8,08/01/2017,8,1,1,1,1,2017
9,09/01/2017,9,1,1,1,1,2017
10,10/01/2017,10,1,1,1,1,2017
11,11/01/2017,11,1,1,1,1,2017
12,12/01/2017,12,1,1,1,1,2017
13,13/01/2017,13,1,1,1,1,2017
14,14/01/2017,14,1,1,1,1,2017
15,15/01/2017,15,1,1,1,1,2017
16,16/01/2017,16,1,1,1,1,2017
17,17/01/2017,17,1,1,1,1,2017
18,18/01/2017,18,1,1,1,1,2017
19,19/01/2017,19,1,1,1,1,2017
20,20/01/2017,20,1,1,1,1,2017
21,21/01/2017,21,1,1,1,1,2017
22,22/01/2017,22,1,1,1,1,2017
23,23/01/2017,23,1,1,1,1,2017
24,24/01/2017,24,1,1,1,1,2017
25,25/01/2017,25,1,1,1,1,2017
26,26/01/2017,26,1,1,1,1,2017
27,27/01/2017,27,1,1,1,1,2017
28,28/01/2017,28,1,1,1,1,2017
29,29/01/2017,29,1,1,1,1,2017
30,30/01/2017,30,1,1,1,1,2017
31,31/01/2017,31,1,1,1,1,2017
32,01/02/2017,1,2,1,1,1,2017
33,02/02/2017,2,2,1,1,1,2017
34,03/02/2017,3,2,1,1,1,2017
35,04/02/2017,4,2,1,1,1,2017
36,05/02/2017,5,2,1,1,1,2017
37,06/02/2017,6,2,1,1,1,2017
38,07/02/2017,7,2,1,1,1,2017
39,08/02/2017,8,2,1,1,1,2017
40,09/02/2017,9,2,1,1,1,2017
41,10/02/2017,10,2,1,1,1,2017
42,11/02/2017,11,2,1,1,1,2017
43,12/02/2017,12,2,1,1,1,2017
44,13/02/2017,13,2,1,1,1,2017
45,14/02/2017,14,2,1,1,1,2017
46,15/02/2017,15,2,1,1,1,2017
47,16/02/2017,16,2,1,1,1,2017
48,17/02/2017,17,2,1,1,1,2017
49,18/02/2017,18,2,1,1,1,2017
50,19/02/2017,19,2,1,1,1,2017
51,20/02/2017,20,2,1,1,1,2017
52,21/02/2017,21,2,1,1,1,2017
53,22/02/2017,22,2,1,1,1,2017
54,23/02/2017,23,2,1,1,1,2017
55,24/02/2017,24,2,1,1,1,2017
56,25/02/2017,25,2,1,1,1,2017
57,26/02/2017,26,2,1,1,1,2017
58,27/02/2017,27,2,1,1,1,2017
59,28/02/2017,28,2,1,1,1,2017
60,29/02/2017,29,2,1,1,1,2017
61,01/03/2017,1,3,2,1,1,2017
62,02/03/2017,2,3,2,1,1,2017
63,03/03/2017,3,3,2,1,1,2017
64,04/03/2017,4,3,2,1,1,2017
65,05/03/2017,5,3,2,1,1,2017
66,06/03/2017,6,3,2,1,1,2017
67,07/03/2017,7,3,2,1,1,2017
68,08/03/2017,8,3,2,1,1,2017
69,09/03/2017,9,3,2,1,1,2017
70,10/03/2017,10,3,2,1,1,2017
71,11/03/2017,11,3,2,1,1,2017
72,12/03/2017,12,3,2,1,1,2017
73,13/03/2017,13,3,2,1,1,2017
74,14/03/2017,14,3,2,1,1,2017
75,15/03/2017,15,3,2,1,1,2017
76,16/03/2017,16,3,2,1,1,2017
77,17/03/2017,17,3,2,1,1,2017
78,18/03/2017,18,3,2,1,1,2017
79,19/03/2017,19,3,2,1,1,2017
80,20/03/2017,20,3,2,1,1,2017
81,21/03/2017,21,3,2,1,1,2017
82,22/03/2017,22,3,2,1,1,2017
83,23/03/2017,23,3,2,1,1,2017
84,24/03/2017,24,3,2,1,1,2017
85,25/03/2017,25,3,2,1,1,2017
86,26/03/2017,26,3,2,1,1,2017
87,27/03/2017,27,3,2,1,1,2017
88,28/03/2017,28,3,2,1,1,2017
89,29/03/2017,29,3,2,1,1,2017
90,30/03/2017,30,3,2,1,1,2017
91,31/03/2017,31,3,2,1,1,2017
92,01/04/2017,1,4,2,2,1,2017
93,02/04/2017,2,4,2,2,1,2017
94,03/04/2017,3,4,2,2,1,2017
95,04/04/2017,4,4,2,2,1,2017
96,05/04/2017,5,4,2,2,1,2017
97,06/04/2017,6,4,2,2,1,2017
98,07/04/2017,7,4,2,2,1,2017
99,08/04/2017,8,4,2,2,1,2017
100,09/04/2017,9,4,2,2,1,2017
101,10/04/2017,10,4,2,2,1,2017
102,11/04/2017,11,4,2,2,1,2017
103,12/04/2017,12,4,2,2,1,2017
104,13/04/2017,13,4,2,2,1,2017
105,14/04/2017,14,4,2,2,1,2017
106,15/04/2017,15,4,2,2,1,2017
107,16/04/2017,16,4,2,2,1,2017
108,17/04/2017,17,4,2,2,1,2017
109,18/04/2017,18,4,2,2,1,2017
110,19/04/2017,19,4,2,2,1,2017
111,20/04/2017,20,4,2,2,1,2017
112,21/04/2017,21,4,2,2,1,2017
113,22/04/2017,22,4,2,2,1,2017
114,23/04/2017,23,4,2,2,1,2017
115,24/04/2017,24,4,2,2,1,2017
116,25/04/2017,25,4,2,2,1,2017
117,26/04/2017,26,4,2,2,1,2017
118,27/04/2017,27,4,2,2,1,2017
119,28/04/2017,28,4,2,2,1,2017
120,29/04/2017,29,4,2,2,1,2017
121,30/04/2017,30,4,2,2,1,2017
122,01/05/2017,1,5,3,2,1,2017
123,02/05/2017,2,5,3,2,1,2017
124,03/05/2017,3,5,3,2,1,2017
125,04/05/2017,4,5,3,2,1,2017
126,05/05/2017,5,5,3,2,1,2017
127,06/05/2017,6,5,3,2,1,2017
128,07/05/2017,7,5,3,2,1,2017
129,08/05/2017,8,5,3,2,1,2017
130,09/05/2017,9,5,3,2,1,2017
131,10/05/2017,10,5,3,2,1,2017
132,11/05/2017,11,5,3,2,1,2017
133,12/05/2017,12,5,3,2,1,2017
134,13/05/2017,13,5,3,2,1,2017
135,14/05/2017,14,5,3,2,1,2017
136,15/05/2017,15,5,3,2,1,2017
137,16/05/2017,16,5,3,2,1,2017
138,17/05/2017,17,5,3,2,1,2017
139,18/05/2017,18,5,3,2,1,2017
140,19/05/2017,19,5,3,2,1,2017
141,20/05/2017,20,5,3,2,1,2017
142,21/05/2017,21,5,3,2,1,2017
143,22/05/2017,22,5,3,2,1,2017
144,23/05/2017,23,5,3,2,1,2017
145,24/05/2017,24,5,3,2,1,2017
146,25/05/2017,25,5,3,2,1,2017
147,26/05/2017,26,5,3,2,1,2017
148,27/05/2017,27,5,3,2,1,2017
149,28/05/2017,28,5,3,2,1,2017
150,29/05/2017,29,5,3,2,1,2017
151,30/05/2017,30,5,3,2,1,2017
152,31/05/2017,31,5,3,2,1,2017
153,01/06/2017,1,6,3,2,1,2017
154,02/06/2017,2,6,3,2,1,2017
155,03/06/2017,3,6,3,2,1,2017
156,04/06/2017,4,6,3,2,1,2017
157,05/06/2017,5,6,3,2,1,2017
158,06/06/2017,6,6,3,2,1,2017
159,07/06/2017,7,6,3,2,1,2017
160,08/06/2017,8,6,3,2,1,2017
161,09/06/2017,9,6,3,2,1,2017
162,10/06/2017,10,6,3,2,1,2017
163,11/06/2017,11,6,3,2,1,2017
164,12/06/2017,12,6,3,2,1,2017
165,13/06/2017,13,6,3,2,1,2017
166,14/06/2017,14,6,3,2,1,2017
167,15/06/2017,15,6,3,2,1,2017
168,16/06/2017,16,6,3,2,1,2017
169,17/06/2017,17,6,3,2,1,2017
170,18/06/2017,18,6,3,2,1,2017
171,19/06/2017,19,6,3,2,1,2017
172,20/06/2017,20,6,3,2,1,2017
173,21/06/2017,21,6,3,2,1,2017
174,22/06/2017,22,6,3,2,1,2017
175,23/06/2017,23,6,3,2,1,2017
176,24/06/2017,24,6,3,2,1,2017
177,25/06/2017,25,6,3,2,1,2017
178,26/06/2017,26,6,3,2,1,2017
179,27/06/2017,27,6,3,2,1,2017
180,28/06/2017,28,6,3,2,1,2017
181,29/06/2017,29,6,3,2,1,2017
182,30/06/2017,30,6,3,2,1,2017
183,01/07/2017,1,7,4,3,2,2017
184,02/07/2017,2,7,4,3,2,2017
185,03/07/2017,3,7,4,3,2,2017
186,04/07/2017,4,7,4,3,2,2017
187,05/07/2017,5,7,4,3,2,2017
188,06/07/2017,6,7,4,3,2,2017
189,07/07/2017,7,7,4,3,2,2017
190,08/07/2017,8,7,4,3,2,2017
191,09/07/2017,9,7,4,3,2,2017
192,10/07/2017,10,7,4,3,2,2017
193,11/07/2017,11,7,4,3,2,2017
194,12/07/2017,12,7,4,3,2,2017
195,13/07/2017,13,7,4,3,2,2017
196,14/07/2017,14,7,4,3,2,2017
197,15/07/2017,15,7,4,3,2,2017
198,16/07/2017,16,7,4,3,2,2017
199,17/07/2017,17,7,4,3,2,2017
200,18/07/2017,18,7,4,3,2,2017
201,19/07/2017,19,7,4,3,2,2017
202,20/07/2017,20,7,4,3,2,2017
203,21/07/2017,21,7,4,3,2,2017
204,22/07/2017,22,7,4,3,2,2017
205,23/07/2017,23,7,4,3,2,2017
206,24/07/2017,24,7,4,3,2,2017
207,25/07/2017,25,7,4,3,2,2017
208,26/07/2017,26,7,4,3,2,2017
209,27/07/2017,27,7,4,3,2,2017
210,28/07/2017,28,7,4,3,2,2017
211,29/07/2017,29,7,4,3,2,2017
212,30/07/2017,30,7,4,3,2,2017
213,31/07/2017,31,7,4,3,2,2017
214,01/08/2017,1,8,4,3,2,2017
215,02/08/2017,2,8,4,3,2,2017
216,03/08/2017,3,8,4,3,2,2017
217,04/08/2017,4,8,4,3,2,2017
218,05/08/2017,5,8,4,3,2,2017
219,06/08/2017,6,8,4,3,2,2017
220,07/08/2017,7,8,4,3,2,2017
221,08/08/2017,8,8,4,3,2,2017
222,09/08/2017,9,8,4,3,2,2017
223,10/08/2017,10,8,4,3,2,2017
224,11/08/2017,11,8,4,3,2,2017
225,12/08/2017,12,8,4,3,2,2017
226,13/08/2017,13,8,4,3,2,2017
227,14/08/2017,14,8,4,3,2,2017
228,15/08/2017,15,8,4,3,2,2017
229,16/08/2017,16,8,4,3,2,2017
230,17/08/2017,17,8,4,3,2,2017
231,18/08/2017,18,8,4,3,2,2017
232,19/08/2017,19,8,4,3,2,2017
233,20/08/2017,20,8,4,3,2,2017
234,21/08/2017,21,8,4,3,2,2017
235,22/08/2017,22,8,4,3,2,2017
236,23/08/2017,23,8,4,3,2,2017
237,24/08/2017,24,8,4,3,2,2017
238,25/08/2017,25,8,4,3,2,2017
239,26/08/2017,26,8,4,3,2,2017
240,27/08/2017,27,8,4,3,2,2017
241,28/08/2017,28,8,4,3,2,2017
242,29/08/2017,29,8,4,3,2,2017
243,30/08/2017,30,8,4,3,2,2017
244,31/08/2017,31,8,4,3,2,2017
245,01/09/2017,1,9,5,3,2,2017
246,02/09/2017,2,9,5,3,2,2017
247,03/09/2017,3,9,5,3,2,2017
248,04/09/2017,4,9,5,3,2,2017
249,05/09/2017,5,9,5,3,2,2017
250,06/09/2017,6,9,5,3,2,2017
251,07/09/2017,7,9,5,3,2,2017
252,08/09/2017,8,9,5,3,2,2017
253,09/09/2017,9,9,5,3,2,2017
254,10/09/2017,10,9,5,3,2,2017
255,11/09/2017,11,9,5,3,2,2017
256,12/09/2017,12,9,5,3,2,2017
257,13/09/2017,13,9,5,3,2,2017
258,14/09/2017,14,9,5,3,2,2017
259,15/09/2017,15,9,5,3,2,2017
260,16/09/2017,16,9,5,3,2,2017
261,17/09/2017,17,9,5,3,2,2017
262,18/09/2017,18,9,5,3,2,2017
263,19/09/2017,19,9,5,3,2,2017
264,20/09/2017,20,9,5,3,2,2017
265,21/09/2017,21,9,5,3,2,2017
266,22/09/2017,22,9,5,3,2,2017
267,23/09/2017,23,9,5,3,2,2017
268,24/09/2017,24,9,5,3,2,2017
269,25/09/2017,25,9,5,3,2,2017
270,26/09/2017,26,9,5,3,2,2017
271,27/09/2017,27,9,5,3,2,2017
272,28/09/2017,28,9,5,3,2,2017
273,29/09/2017,29,9,5,3,2,2017
274,30/09/2017,30,9,5,3,2,2017
275,01/10/2017,1,10,5,4,2,2017
276,02/10/2017,2,10,5,4,2,2017
277,03/10/2017,3,10,5,4,2,2017
278,04/10/2017,4,10,5,4,2,2017
279,05/10/2017,5,10,5,4,2,2017
280,06/10/2017,6,10,5,4,2,2017
281,07/10/2017,7,10,5,4,2,2017
282,08/10/2017,8,10,5,4,2,2017
283,09/10/2017,9,10,5,4,2,2017
284,10/10/2017,10,10,5,4,2,2017
285,11/10/2017,11,10,5,4,2,2017
286,12/10/2017,12,10,5,4,2,2017
287,13/10/2017,13,10,5,4,2,2017
288,14/10/2017,14,10,5,4,2,2017
289,15/10/2017,15,10,5,4,2,2017
290,16/10/2017,16,10,5,4,2,2017
291,17/10/2017,17,10,5,4,2,2017
292,18/10/2017,18,10,5,4,2,2017
293,19/10/2017,19,10,5,4,2,2017
294,20/10/2017,20,10,5,4,2,2017
295,21/10/2017,21,10,5,4,2,2017
296,22/10/2017,22,10,5,4,2,2017
297,23/10/2017,23,10,5,4,2,2017
298,24/10/2017,24,10,5,4,2,2017
299,25/10/2017,25,10,5,4,2,2017
300,26/10/2017,26,10,5,4,2,2017
301,27/10/2017,27,10,5,4,2,2017
302,28/10/2017,28,10,5,4,2,2017
303,29/10/2017,29,10,5,4,2,2017
304,30/10/2017,30,10,5,4,2,2017
305,31/10/2017,31,10,5,4,2,2017
306,01/11/2017,1,11,6,4,2,2017
307,02/11/2017,2,11,6,4,2,2017
308,03/11/2017,3,11,6,4,2,2017
309,04/11/2017,4,11,6,4,2,2017
310,05/11/2017,5,11,6,4,2,2017
311,06/11/2017,6,11,6,4,2,2017
312,07/11/2017,7,11,6,4,2,2017
313,08/11/2017,8,11,6,4,2,2017
314,09/11/2017,9,11,6,4,2,2017
315,10/11/2017,10,11,6,4,2,2017
316,11/11/2017,11,11,6,4,2,2017
317,12/11/2017,12,11,6,4,2,2017
318,13/11/2017,13,11,6,4,2,2017
319,14/11/2017,14,11,6,4,2,2017
320,15/11/2017,15,11,6,4,2,2017
321,16/11/2017,16,11,6,4,2,2017
322,17/11/2017,17,11,6,4,2,2017
323,18/11/2017,18,11,6,4,2,2017
324,19/11/2017,19,11,6,4,2,2017
325,20/11/2017,20,11,6,4,2,2017
326,21/11/2017,21,11,6,4,2,2017
327,22/11/2017,22,11,6,4,2,2017
328,23/11/2017,23,11,6,4,2,2017
329,24/11/2017,24,11,6,4,2,2017
330,25/11/2017,25,11,6,4,2,2017
331,26/11/2017,26,11,6,4,2,2017
332,27/11/2017,27,11,6,4,2,2017
333,28/11/2017,28,11,6,4,2,2017
334,29/11/2017,29,11,6,4,2,2017
335,30/11/2017,30,11,6,4,2,2017
336,01/12/2017,1,12,6,4,2,2017
337,02/12/2017,2,12,6,4,2,2017
338,03/12/2017,3,12,6,4,2,2017
339,04/12/2017,4,12,6,4,2,2017
340,05/12/2017,5,12,6,4,2,2017
341,06/12/2017,6,12,6,4,2,2017
342,07/12/2017,7,12,6,4,2,2017
343,08/12/2017,8,12,6,4,2,2017
344,09/12/2017,9,12,6,4,2,2017
345,10/12/2017,10,12,6,4,2,2017
346,11/12/2017,11,12,6,4,2,2017
347,12/12/2017,12,12,6,4,2,2017
348,13/12/2017,13,12,6,4,2,2017
349,14/12/2017,14,12,6,4,2,2017
350,15/12/2017,15,12,6,4,2,2017
351,16/12/2017,16,12,6,4,2,2017
352,17/12/2017,17,12,6,4,2,2017
353,18/12/2017,18,12,6,4,2,2017
354,19/12/2017,19,12,6,4,2,2017
355,20/12/2017,20,12,6,4,2,2017
356,21/12/2017,21,12,6,4,2,2017
357,22/12/2017,22,12,6,4,2,2017
358,23/12/2017,23,12,6,4,2,2017
359,24/12/2017,24,12,6,4,2,2017
360,25/12/2017,25,12,6,4,2,2017
361,26/12/2017,26,12,6,4,2,2017
362,27/12/2017,27,12,6,4,2,2017
363,28/12/2017,28,12,6,4,2,2017
364,29/12/2017,29,12,6,4,2,2017
365,30/12/2017,30,12,6,4,2,2017
366,31/12/2017,31,12,6,4,2,2017
367,01/01/2018,1,1,1,1,1,2018
368,02/01/2018,2,1,1,1,1,2018
369,03/01/2018,3,1,1,1,1,2018
370,04/01/2018,4,1,1,1,1,2018
371,05/01/2018,5,1,1,1,1,2018
372,06/01/2018,6,1,1,1,1,2018
373,07/01/2018,7,1,1,1,1,2018
374,08/01/2018,8,1,1,1,1,2018
375,09/01/2018,9,1,1,1,1,2018
376,10/01/2018,10,1,1,1,1,2018
377,11/01/2018,11,1,1,1,1,2018
378,12/01/2018,12,1,1,1,1,2018
379,13/01/2018,13,1,1,1,1,2018
380,14/01/2018,14,1,1,1,1,2018
381,15/01/2018,15,1,1,1,1,2018
382,16/01/2018,16,1,1,1,1,2018
383,17/01/2018,17,1,1,1,1,2018
384,18/01/2018,18,1,1,1,1,2018
385,19/01/2018,19,1,1,1,1,2018
386,20/01/2018,20,1,1,1,1,2018
387,21/01/2018,21,1,1,1,1,2018
388,22/01/2018,22,1,1,1,1,2018
389,23/01/2018,23,1,1,1,1,2018
390,24/01/2018,24,1,1,1,1,2018
391,25/01/2018,25,1,1,1,1,2018
392,26/01/2018,26,1,1,1,1,2018
393,27/01/2018,27,1,1,1,1,2018
394,28/01/2018,28,1,1,1,1,2018
395,29/01/2018,29,1,1,1,1,2018
396,30/01/2018,30,1,1,1,1,2018
397,31/01/2018,31,1,1,1,1,2018
398,01/02/2018,1,2,1,1,1,2018
399,02/02/2018,2,2,1,1,1,2018
400,03/02/2018,3,2,1,1,1,2018
401,04/02/2018,4,2,1,1,1,2018
402,05/02/2018,5,2,1,1,1,2018
403,06/02/2018,6,2,1,1,1,2018
404,07/02/2018,7,2,1,1,1,2018
405,08/02/2018,8,2,1,1,1,2018
406,09/02/2018,9,2,1,1,1,2018
407,10/02/2018,10,2,1,1,1,2018
408,11/02/2018,11,2,1,1,1,2018
409,12/02/2018,12,2,1,1,1,2018
410,13/02/2018,13,2,1,1,1,2018
411,14/02/2018,14,2,1,1,1,2018
412,15/02/2018,15,2,1,1,1,2018
413,16/02/2018,16,2,1,1,1,2018
414,17/02/2018,17,2,1,1,1,2018
415,18/02/2018,18,2,1,1,1,2018
416,19/02/2018,19,2,1,1,1,2018
417,20/02/2018,20,2,1,1,1,2018
418,21/02/2018,21,2,1,1,1,2018
419,22/02/2018,22,2,1,1,1,2018
420,23/02/2018,23,2,1,1,1,2018
421,24/02/2018,24,2,1,1,1,2018
422,25/02/2018,25,2,1,1,1,2018
423,26/02/2018,26,2,1,1,1,2018
424,27/02/2018,27,2,1,1,1,2018
425,28/02/2018,28,2,1,1,1,2018
426,01/03/2018,1,3,2,1,1,2018
427,02/03/2018,2,3,2,1,1,2018
428,03/03/2018,3,3,2,1,1,2018
429,04/03/2018,4,3,2,1,1,2018
430,05/03/2018,5,3,2,1,1,2018
431,06/03/2018,6,3,2,1,1,2018
432,07/03/2018,7,3,2,1,1,2018
433,08/03/2018,8,3,2,1,1,2018
434,09/03/2018,9,3,2,1,1,2018
435,10/03/2018,10,3,2,1,1,2018
436,11/03/2018,11,3,2,1,1,2018
437,12/03/2018,12,3,2,1,1,2018
438,13/03/2018,13,3,2,1,1,2018
439,14/03/2018,14,3,2,1,1,2018
440,15/03/2018,15,3,2,1,1,2018
441,16/03/2018,16,3,2,1,1,2018
442,17/03/2018,17,3,2,1,1,2018
443,18/03/2018,18,3,2,1,1,2018
444,19/03/2018,19,3,2,1,1,2018
445,20/03/2018,20,3,2,1,1,2018
446,21/03/2018,21,3,2,1,1,2018
447,22/03/2018,22,3,2,1,1,2018
448,23/03/2018,23,3,2,1,1,2018
449,24/03/2018,24,3,2,1,1,2018
450,25/03/2018,25,3,2,1,1,2018
451,26/03/2018,26,3,2,1,1,2018
452,27/03/2018,27,3,2,1,1,2018
453,28/03/2018,28,3,2,1,1,2018
454,29/03/2018,29,3,2,1,1,2018
455,30/03/2018,30,3,2,1,1,2018
456,31/03/2018,31,3,2,1,1,2018
457,01/04/2018,1,4,2,2,1,2018
458,02/04/2018,2,4,2,2,1,2018
459,03/04/2018,3,4,2,2,1,2018
460,04/04/2018,4,4,2,2,1,2018
461,05/04/2018,5,4,2,2,1,2018
462,06/04/2018,6,4,2,2,1,2018
463,07/04/2018,7,4,2,2,1,2018
464,08/04/2018,8,4,2,2,1,2018
465,09/04/2018,9,4,2,2,1,2018
466,10/04/2018,10,4,2,2,1,2018
467,11/04/2018,11,4,2,2,1,2018
468,12/04/2018,12,4,2,2,1,2018
469,13/04/2018,13,4,2,2,1,2018
470,14/04/2018,14,4,2,2,1,2018
471,15/04/2018,15,4,2,2,1,2018
472,16/04/2018,16,4,2,2,1,2018
473,17/04/2018,17,4,2,2,1,2018
474,18/04/2018,18,4,2,2,1,2018
475,19/04/2018,19,4,2,2,1,2018
476,20/04/2018,20,4,2,2,1,2018
477,21/04/2018,21,4,2,2,1,2018
478,22/04/2018,22,4,2,2,1,2018
479,23/04/2018,23,4,2,2,1,2018
480,24/04/2018,24,4,2,2,1,2018
481,25/04/2018,25,4,2,2,1,2018
482,26/04/2018,26,4,2,2,1,2018
483,27/04/2018,27,4,2,2,1,2018
484,28/04/2018,28,4,2,2,1,2018
485,29/04/2018,29,4,2,2,1,2018
486,30/04/2018,30,4,2,2,1,2018
487,01/05/2018,1,5,3,2,1,2018
488,02/05/2018,2,5,3,2,1,2018
489,03/05/2018,3,5,3,2,1,2018
490,04/05/2018,4,5,3,2,1,2018
491,05/05/2018,5,5,3,2,1,2018
492,06/05/2018,6,5,3,2,1,2018
493,07/05/2018,7,5,3,2,1,2018
494,08/05/2018,8,5,3,2,1,2018
495,09/05/2018,9,5,3,2,1,2018
496,10/05/2018,10,5,3,2,1,2018
497,11/05/2018,11,5,3,2,1,2018
498,12/05/2018,12,5,3,2,1,2018
499,13/05/2018,13,5,3,2,1,2018
500,14/05/2018,14,5,3,2,1,2018
501,15/05/2018,15,5,3,2,1,2018
502,16/05/2018,16,5,3,2,1,2018
503,17/05/2018,17,5,3,2,1,2018
504,18/05/2018,18,5,3,2,1,2018
505,19/05/2018,19,5,3,2,1,2018
506,20/05/2018,20,5,3,2,1,2018
507,21/05/2018,21,5,3,2,1,2018
508,22/05/2018,22,5,3,2,1,2018
509,23/05/2018,23,5,3,2,1,2018
510,24/05/2018,24,5,3,2,1,2018
511,25/05/2018,25,5,3,2,1,2018
512,26/05/2018,26,5,3,2,1,2018
513,27/05/2018,27,5,3,2,1,2018
514,28/05/2018,28,5,3,2,1,2018
515,29/05/2018,29,5,3,2,1,2018
516,30/05/2018,30,5,3,2,1,2018
517,31/05/2018,31,5,3,2,1,2018
518,01/06/2018,1,6,3,2,1,2018
519,02/06/2018,2,6,3,2,1,2018
520,03/06/2018,3,6,3,2,1,2018
521,04/06/2018,4,6,3,2,1,2018
522,05/06/2018,5,6,3,2,1,2018
523,06/06/2018,6,6,3,2,1,2018
524,07/06/2018,7,6,3,2,1,2018
525,08/06/2018,8,6,3,2,1,2018
526,09/06/2018,9,6,3,2,1,2018
527,10/06/2018,10,6,3,2,1,2018
528,11/06/2018,11,6,3,2,1,2018
529,12/06/2018,12,6,3,2,1,2018
530,13/06/2018,13,6,3,2,1,2018
531,14/06/2018,14,6,3,2,1,2018
532,15/06/2018,15,6,3,2,1,2018
533,16/06/2018,16,6,3,2,1,2018
534,17/06/2018,17,6,3,2,1,2018
535,18/06/2018,18,6,3,2,1,2018
536,19/06/2018,19,6,3,2,1,2018
537,20/06/2018,20,6,3,2,1,2018
538,21/06/2018,21,6,3,2,1,2018
539,22/06/2018,22,6,3,2,1,2018
540,23/06/2018,23,6,3,2,1,2018
541,24/06/2018,24,6,3,2,1,2018
542,25/06/2018,25,6,3,2,1,2018
543,26/06/2018,26,6,3,2,1,2018
544,27/06/2018,27,6,3,2,1,2018
545,28/06/2018,28,6,3,2,1,2018
546,29/06/2018,29,6,3,2,1,2018
547,30/06/2018,30,6,3,2,1,2018
548,01/07/2018,1,7,4,3,2,2018
549,02/07/2018,2,7,4,3,2,2018
550,03/07/2018,3,7,4,3,2,2018
551,04/07/2018,4,7,4,3,2,2018
552,05/07/2018,5,7,4,3,2,2018
553,06/07/2018,6,7,4,3,2,2018
554,07/07/2018,7,7,4,3,2,2018
555,08/07/2018,8,7,4,3,2,2018
556,09/07/2018,9,7,4,3,2,2018
557,10/07/2018,10,7,4,3,2,2018
558,11/07/2018,11,7,4,3,2,2018
559,12/07/2018,12,7,4,3,2,2018
560,13/07/2018,13,7,4,3,2,2018
561,14/07/2018,14,7,4,3,2,2018
562,15/07/2018,15,7,4,3,2,2018
563,16/07/2018,16,7,4,3,2,2018
564,17/07/2018,17,7,4,3,2,2018
565,18/07/2018,18,7,4,3,2,2018
566,19/07/2018,19,7,4,3,2,2018
567,20/07/2018,20,7,4,3,2,2018
568,21/07/2018,21,7,4,3,2,2018
569,22/07/2018,22,7,4,3,2,2018
570,23/07/2018,23,7,4,3,2,2018
571,24/07/2018,24,7,4,3,2,2018
572,25/07/2018,25,7,4,3,2,2018
573,26/07/2018,26,7,4,3,2,2018
574,27/07/2018,27,7,4,3,2,2018
575,28/07/2018,28,7,4,3,2,2018
576,29/07/2018,29,7,4,3,2,2018
577,30/07/2018,30,7,4,3,2,2018
578,31/07/2018,31,7,4,3,2,2018
579,01/08/2018,1,8,4,3,2,2018
580,02/08/2018,2,8,4,3,2,2018
581,03/08/2018,3,8,4,3,2,2018
582,04/08/2018,4,8,4,3,2,2018
583,05/08/2018,5,8,4,3,2,2018
584,06/08/2018,6,8,4,3,2,2018
585,07/08/2018,7,8,4,3,2,2018
586,08/08/2018,8,8,4,3,2,2018
587,09/08/2018,9,8,4,3,2,2018
588,10/08/2018,10,8,4,3,2,2018
589,11/08/2018,11,8,4,3,2,2018
590,12/08/2018,12,8,4,3,2,2018
591,13/08/2018,13,8,4,3,2,2018
592,14/08/2018,14,8,4,3,2,2018
593,15/08/2018,15,8,4,3,2,2018
594,16/08/2018,16,8,4,3,2,2018
595,17/08/2018,17,8,4,3,2,2018
596,18/08/2018,18,8,4,3,2,2018
597,19/08/2018,19,8,4,3,2,2018
598,20/08/2018,20,8,4,3,2,2018
599,21/08/2018,21,8,4,3,2,2018
600,22/08/2018,22,8,4,3,2,2018
601,23/08/2018,23,8,4,3,2,2018
602,24/08/2018,24,8,4,3,2,2018
603,25/08/2018,25,8,4,3,2,2018
604,26/08/2018,26,8,4,3,2,2018
605,27/08/2018,27,8,4,3,2,2018
606,28/08/2018,28,8,4,3,2,2018
607,29/08/2018,29,8,4,3,2,2018
608,30/08/2018,30,8,4,3,2,2018
609,31/08/2018,31,8,4,3,2,2018
610,01/09/2018,1,9,5,3,2,2018
611,02/09/2018,2,9,5,3,2,2018
612,03/09/2018,3,9,5,3,2,2018
613,04/09/2018,4,9,5,3,2,2018
614,05/09/2018,5,9,5,3,2,2018
615,06/09/2018,6,9,5,3,2,2018
616,07/09/2018,7,9,5,3,2,2018
617,08/09/2018,8,9,5,3,2,2018
618,09/09/2018,9,9,5,3,2,2018
619,10/09/2018,10,9,5,3,2,2018
620,11/09/2018,11,9,5,3,2,2018
621,12/09/2018,12,9,5,3,2,2018
622,13/09/2018,13,9,5,3,2,2018
623,14/09/2018,14,9,5,3,2,2018
624,15/09/2018,15,9,5,3,2,2018
625,16/09/2018,16,9,5,3,2,2018
626,17/09/2018,17,9,5,3,2,2018
627,18/09/2018,18,9,5,3,2,2018
628,19/09/2018,19,9,5,3,2,2018
629,20/09/2018,20,9,5,3,2,2018
630,21/09/2018,21,9,5,3,2,2018
631,22/09/2018,22,9,5,3,2,2018
632,23/09/2018,23,9,5,3,2,2018
633,24/09/2018,24,9,5,3,2,2018
634,25/09/2018,25,9,5,3,2,2018
635,26/09/2018,26,9,5,3,2,2018
636,27/09/2018,27,9,5,3,2,2018
637,28/09/2018,28,9,5,3,2,2018
638,29/09/2018,29,9,5,3,2,2018
639,30/09/2018,30,9,5,3,2,2018
640,01/10/2018,1,10,5,4,2,2018
641,02/10/2018,2,10,5,4,2,2018
642,03/10/2018,3,10,5,4,2,2018
643,04/10/2018,4,10,5,4,2,2018
644,05/10/2018,5,10,5,4,2,2018
645,06/10/2018,6,10,5,4,2,2018
646,07/10/2018,7,10,5,4,2,2018
647,08/10/2018,8,10,5,4,2,2018
648,09/10/2018,9,10,5,4,2,2018
649,10/10/2018,10,10,5,4,2,2018
650,11/10/2018,11,10,5,4,2,2018
651,12/10/2018,12,10,5,4,2,2018
652,13/10/2018,13,10,5,4,2,2018
653,14/10/2018,14,10,5,4,2,2018
654,15/10/2018,15,10,5,4,2,2018
655,16/10/2018,16,10,5,4,2,2018
656,17/10/2018,17,10,5,4,2,2018
657,18/10/2018,18,10,5,4,2,2018
658,19/10/2018,19,10,5,4,2,2018
659,20/10/2018,20,10,5,4,2,2018
660,21/10/2018,21,10,5,4,2,2018
661,22/10/2018,22,10,5,4,2,2018
662,23/10/2018,23,10,5,4,2,2018
663,24/10/2018,24,10,5,4,2,2018
664,25/10/2018,25,10,5,4,2,2018
665,26/10/2018,26,10,5,4,2,2018
666,27/10/2018,27,10,5,4,2,2018
667,28/10/2018,28,10,5,4,2,2018
668,29/10/2018,29,10,5,4,2,2018
669,30/10/2018,30,10,5,4,2,2018
670,31/10/2018,31,10,5,4,2,2018
671,01/11/2018,1,11,6,4,2,2018
672,02/11/2018,2,11,6,4,2,2018
673,03/11/2018,3,11,6,4,2,2018
674,04/11/2018,4,11,6,4,2,2018
675,05/11/2018,5,11,6,4,2,2018
676,06/11/2018,6,11,6,4,2,2018
677,07/11/2018,7,11,6,4,2,2018
678,08/11/2018,8,11,6,4,2,2018
679,09/11/2018,9,11,6,4,2,2018
680,10/11/2018,10,11,6,4,2,2018
681,11/11/2018,11,11,6,4,2,2018
682,12/11/2018,12,11,6,4,2,2018
683,13/11/2018,13,11,6,4,2,2018
684,14/11/2018,14,11,6,4,2,2018
685,15/11/2018,15,11,6,4,2,2018
686,16/11/2018,16,11,6,4,2,2018
687,17/11/2018,17,11,6,4,2,2018
688,18/11/2018,18,11,6,4,2,2018
689,19/11/2018,19,11,6,4,2,2018
690,20/11/2018,20,11,6,4,2,2018
691,21/11/2018,21,11,6,4,2,2018
692,22/11/2018,22,11,6,4,2,2018
693,23/11/2018,23,11,6,4,2,2018
694,24/11/2018,24,11,6,4,2,2018
695,25/11/2018,25,11,6,4,2,2018
696,26/11/2018,26,11,6,4,2,2018
697,27/11/2018,27,11,6,4,2,2018
698,28/11/2018,28,11,6,4,2,2018
699,29/11/2018,29,11,6,4,2,2018
700,30/11/2018,30,11,6,4,2,2018
701,01/12/2018,1,12,6,4,2,2018
702,02/12/2018,2,12,6,4,2,2018
703,03/12/2018,3,12,6,4,2,2018
704,04/12/2018,4,12,6,4,2,2018
705,05/12/2018,5,12,6,4,2,2018
706,06/12/2018,6,12,6,4,2,2018
707,07/12/2018,7,12,6,4,2,2018
708,08/12/2018,8,12,6,4,2,2018
709,09/12/2018,9,12,6,4,2,2018
710,10/12/2018,10,12,6,4,2,2018
711,11/12/2018,11,12,6,4,2,2018
712,12/12/2018,12,12,6,4,2,2018
713,13/12/2018,13,12,6,4,2,2018
714,14/12/2018,14,12,6,4,2,2018
715,15/12/2018,15,12,6,4,2,2018
716,16/12/2018,16,12,6,4,2,2018
717,17/12/2018,17,12,6,4,2,2018
718,18/12/2018,18,12,6,4,2,2018
719,19/12/2018,19,12,6,4,2,2018
720,20/12/2018,20,12,6,4,2,2018
721,21/12/2018,21,12,6,4,2,2018
722,22/12/2018,22,12,6,4,2,2018
723,23/12/2018,23,12,6,4,2,2018
724,24/12/2018,24,12,6,4,2,2018
725,25/12/2018,25,12,6,4,2,2018
726,26/12/2018,26,12,6,4,2,2018
727,27/12/2018,27,12,6,4,2,2018
728,28/12/2018,28,12,6,4,2,2018
729,29/12/2018,29,12,6,4,2,2018
730,30/12/2018,30,12,6,4,2,2018
731,31/12/2018,31,12,6,4,2,2018
732,01/01/2019,1,1,1,1,1,2019
733,02/01/2019,2,1,1,1,1,2019
734,03/01/2019,3,1,1,1,1,2019
735,04/01/2019,4,1,1,1,1,2019
736,05/01/2019,5,1,1,1,1,2019
737,06/01/2019,6,1,1,1,1,2019
738,07/01/2019,7,1,1,1,1,2019
739,08/01/2019,8,1,1,1,1,2019
740,09/01/2019,9,1,1,1,1,2019
741,10/01/2019,10,1,1,1,1,2019
742,11/01/2019,11,1,1,1,1,2019
743,12/01/2019,12,1,1,1,1,2019
744,13/01/2019,13,1,1,1,1,2019
745,14/01/2019,14,1,1,1,1,2019
746,15/01/2019,15,1,1,1,1,2019
747,16/01/2019,16,1,1,1,1,2019
748,17/01/2019,17,1,1,1,1,2019
749,18/01/2019,18,1,1,1,1,2019
750,19/01/2019,19,1,1,1,1,2019
751,20/01/2019,20,1,1,1,1,2019
752,21/01/2019,21,1,1,1,1,2019
753,22/01/2019,22,1,1,1,1,2019
754,23/01/2019,23,1,1,1,1,2019
755,24/01/2019,24,1,1,1,1,2019
756,25/01/2019,25,1,1,1,1,2019
757,26/01/2019,26,1,1,1,1,2019
758,27/01/2019,27,1,1,1,1,2019
759,28/01/2019,28,1,1,1,1,2019
760,29/01/2019,29,1,1,1,1,2019
761,30/01/2019,30,1,1,1,1,2019
762,31/01/2019,31,1,1,1,1,2019
763,01/02/2019,1,2,1,1,1,2019
764,02/02/2019,2,2,1,1,1,2019
765,03/02/2019,3,2,1,1,1,2019
766,04/02/2019,4,2,1,1,1,2019
767,05/02/2019,5,2,1,1,1,2019
768,06/02/2019,6,2,1,1,1,2019
769,07/02/2019,7,2,1,1,1,2019
770,08/02/2019,8,2,1,1,1,2019
771,09/02/2019,9,2,1,1,1,2019
772,10/02/2019,10,2,1,1,1,2019
773,11/02/2019,11,2,1,1,1,2019
774,12/02/2019,12,2,1,1,1,2019
775,13/02/2019,13,2,1,1,1,2019
776,14/02/2019,14,2,1,1,1,2019
777,15/02/2019,15,2,1,1,1,2019
778,16/02/2019,16,2,1,1,1,2019
779,17/02/2019,17,2,1,1,1,2019
780,18/02/2019,18,2,1,1,1,2019
781,19/02/2019,19,2,1,1,1,2019
782,20/02/2019,20,2,1,1,1,2019
783,21/02/2019,21,2,1,1,1,2019
784,22/02/2019,22,2,1,1,1,2019
785,23/02/2019,23,2,1,1,1,2019
786,24/02/2019,24,2,1,1,1,2019
787,25/02/2019,25,2,1,1,1,2019
788,26/02/2019,26,2,1,1,1,2019
789,27/02/2019,27,2,1,1,1,2019
790,28/02/2019,28,2,1,1,1,2019
791,01/03/2019,1,3,2,1,1,2019
792,02/03/2019,2,3,2,1,1,2019
793,03/03/2019,3,3,2,1,1,2019
794,04/03/2019,4,3,2,1,1,2019
795,05/03/2019,5,3,2,1,1,2019
796,06/03/2019,6,3,2,1,1,2019
797,07/03/2019,7,3,2,1,1,2019
798,08/03/2019,8,3,2,1,1,2019
799,09/03/2019,9,3,2,1,1,2019
800,10/03/2019,10,3,2,1,1,2019
801,11/03/2019,11,3,2,1,1,2019
802,12/03/2019,12,3,2,1,1,2019
803,13/03/2019,13,3,2,1,1,2019
804,14/03/2019,14,3,2,1,1,2019
805,15/03/2019,15,3,2,1,1,2019
806,16/03/2019,16,3,2,1,1,2019
807,17/03/2019,17,3,2,1,1,2019
808,18/03/2019,18,3,2,1,1,2019
809,19/03/2019,19,3,2,1,1,2019
810,20/03/2019,20,3,2,1,1,2019
811,21/03/2019,21,3,2,1,1,2019
812,22/03/2019,22,3,2,1,1,2019
813,23/03/2019,23,3,2,1,1,2019
814,24/03/2019,24,3,2,1,1,2019
815,25/03/2019,25,3,2,1,1,2019
816,26/03/2019,26,3,2,1,1,2019
817,27/03/2019,27,3,2,1,1,2019
818,28/03/2019,28,3,2,1,1,2019
819,29/03/2019,29,3,2,1,1,2019
820,30/03/2019,30,3,2,1,1,2019
821,31/03/2019,31,3,2,1,1,2019
822,01/04/2019,1,4,2,2,1,2019
823,02/04/2019,2,4,2,2,1,2019
824,03/04/2019,3,4,2,2,1,2019
825,04/04/2019,4,4,2,2,1,2019
826,05/04/2019,5,4,2,2,1,2019
827,06/04/2019,6,4,2,2,1,2019
828,07/04/2019,7,4,2,2,1,2019
829,08/04/2019,8,4,2,2,1,2019
830,09/04/2019,9,4,2,2,1,2019
831,10/04/2019,10,4,2,2,1,2019
832,11/04/2019,11,4,2,2,1,2019
833,12/04/2019,12,4,2,2,1,2019
834,13/04/2019,13,4,2,2,1,2019
835,14/04/2019,14,4,2,2,1,2019
836,15/04/2019,15,4,2,2,1,2019
837,16/04/2019,16,4,2,2,1,2019
838,17/04/2019,17,4,2,2,1,2019
839,18/04/2019,18,4,2,2,1,2019
840,19/04/2019,19,4,2,2,1,2019
841,20/04/2019,20,4,2,2,1,2019
842,21/04/2019,21,4,2,2,1,2019
843,22/04/2019,22,4,2,2,1,2019
844,23/04/2019,23,4,2,2,1,2019
845,24/04/2019,24,4,2,2,1,2019
846,25/04/2019,25,4,2,2,1,2019
847,26/04/2019,26,4,2,2,1,2019
848,27/04/2019,27,4,2,2,1,2019
849,28/04/2019,28,4,2,2,1,2019
850,29/04/2019,29,4,2,2,1,2019
851,30/04/2019,30,4,2,2,1,2019
852,01/05/2019,1,5,3,2,1,2019
853,02/05/2019,2,5,3,2,1,2019
854,03/05/2019,3,5,3,2,1,2019
855,04/05/2019,4,5,3,2,1,2019
856,05/05/2019,5,5,3,2,1,2019
857,06/05/2019,6,5,3,2,1,2019
858,07/05/2019,7,5,3,2,1,2019
859,08/05/2019,8,5,3,2,1,2019
860,09/05/2019,9,5,3,2,1,2019
861,10/05/2019,10,5,3,2,1,2019
862,11/05/2019,11,5,3,2,1,2019
863,12/05/2019,12,5,3,2,1,2019
864,13/05/2019,13,5,3,2,1,2019
865,14/05/2019,14,5,3,2,1,2019
866,15/05/2019,15,5,3,2,1,2019
867,16/05/2019,16,5,3,2,1,2019
868,17/05/2019,17,5,3,2,1,2019
869,18/05/2019,18,5,3,2,1,2019
870,19/05/2019,19,5,3,2,1,2019
871,20/05/2019,20,5,3,2,1,2019
872,21/05/2019,21,5,3,2,1,2019
873,22/05/2019,22,5,3,2,1,2019
874,23/05/2019,23,5,3,2,1,2019
875,24/05/2019,24,5,3,2,1,2019
876,25/05/2019,25,5,3,2,1,2019
877,26/05/2019,26,5,3,2,1,2019
878,27/05/2019,27,5,3,2,1,2019
879,28/05/2019,28,5,3,2,1,2019
880,29/05/2019,29,5,3,2,1,2019
881,30/05/2019,30,5,3,2,1,2019
882,31/05/2019,31,5,3,2,1,2019
883,01/06/2019,1,6,3,2,1,2019
884,02/06/2019,2,6,3,2,1,2019
885,03/06/2019,3,6,3,2,1,2019
886,04/06/2019,4,6,3,2,1,2019
887,05/06/2019,5,6,3,2,1,2019
888,06/06/2019,6,6,3,2,1,2019
889,07/06/2019,7,6,3,2,1,2019
890,08/06/2019,8,6,3,2,1,2019
891,09/06/2019,9,6,3,2,1,2019
892,10/06/2019,10,6,3,2,1,2019
893,11/06/2019,11,6,3,2,1,2019
894,12/06/2019,12,6,3,2,1,2019
895,13/06/2019,13,6,3,2,1,2019
896,14/06/2019,14,6,3,2,1,2019
897,15/06/2019,15,6,3,2,1,2019
898,16/06/2019,16,6,3,2,1,2019
899,17/06/2019,17,6,3,2,1,2019
900,18/06/2019,18,6,3,2,1,2019
901,19/06/2019,19,6,3,2,1,2019
902,20/06/2019,20,6,3,2,1,2019
903,21/06/2019,21,6,3,2,1,2019
904,22/06/2019,22,6,3,2,1,2019
905,23/06/2019,23,6,3,2,1,2019
906,24/06/2019,24,6,3,2,1,2019
907,25/06/2019,25,6,3,2,1,2019
908,26/06/2019,26,6,3,2,1,2019
909,27/06/2019,27,6,3,2,1,2019
910,28/06/2019,28,6,3,2,1,2019
911,29/06/2019,29,6,3,2,1,2019
912,30/06/2019,30,6,3,2,1,2019
913,01/07/2019,1,7,4,3,2,2019
914,02/07/2019,2,7,4,3,2,2019
915,03/07/2019,3,7,4,3,2,2019
916,04/07/2019,4,7,4,3,2,2019
917,05/07/2019,5,7,4,3,2,2019
918,06/07/2019,6,7,4,3,2,2019
919,07/07/2019,7,7,4,3,2,2019
920,08/07/2019,8,7,4,3,2,2019
921,09/07/2019,9,7,4,3,2,2019
922,10/07/2019,10,7,4,3,2,2019
923,11/07/2019,11,7,4,3,2,2019
924,12/07/2019,12,7,4,3,2,2019
925,13/07/2019,13,7,4,3,2,2019
926,14/07/2019,14,7,4,3,2,2019
927,15/07/2019,15,7,4,3,2,2019
928,16/07/2019,16,7,4,3,2,2019
929,17/07/2019,17,7,4,3,2,2019
930,18/07/2019,18,7,4,3,2,2019
931,19/07/2019,19,7,4,3,2,2019
932,20/07/2019,20,7,4,3,2,2019
933,21/07/2019,21,7,4,3,2,2019
934,22/07/2019,22,7,4,3,2,2019
935,23/07/2019,23,7,4,3,2,2019
936,24/07/2019,24,7,4,3,2,2019
937,25/07/2019,25,7,4,3,2,2019
938,26/07/2019,26,7,4,3,2,2019
939,27/07/2019,27,7,4,3,2,2019
940,28/07/2019,28,7,4,3,2,2019
941,29/07/2019,29,7,4,3,2,2019
942,30/07/2019,30,7,4,3,2,2019
943,31/07/2019,31,7,4,3,2,2019
944,01/08/2019,1,8,4,3,2,2019
945,02/08/2019,2,8,4,3,2,2019
946,03/08/2019,3,8,4,3,2,2019
947,04/08/2019,4,8,4,3,2,2019
948,05/08/2019,5,8,4,3,2,2019
949,06/08/2019,6,8,4,3,2,2019
950,07/08/2019,7,8,4,3,2,2019
951,08/08/2019,8,8,4,3,2,2019
952,09/08/2019,9,8,4,3,2,2019
953,10/08/2019,10,8,4,3,2,2019
954,11/08/2019,11,8,4,3,2,2019
955,12/08/2019,12,8,4,3,2,2019
956,13/08/2019,13,8,4,3,2,2019
957,14/08/2019,14,8,4,3,2,2019
958,15/08/2019,15,8,4,3,2,2019
959,16/08/2019,16,8,4,3,2,2019
960,17/08/2019,17,8,4,3,2,2019
961,18/08/2019,18,8,4,3,2,2019
962,19/08/2019,19,8,4,3,2,2019
963,20/08/2019,20,8,4,3,2,2019
964,21/08/2019,21,8,4,3,2,2019
965,22/08/2019,22,8,4,3,2,2019
966,23/08/2019,23,8,4,3,2,2019
967,24/08/2019,24,8,4,3,2,2019
968,25/08/2019,25,8,4,3,2,2019
969,26/08/2019,26,8,4,3,2,2019
970,27/08/2019,27,8,4,3,2,2019
971,28/08/2019,28,8,4,3,2,2019
972,29/08/2019,29,8,4,3,2,2019
973,30/08/2019,30,8,4,3,2,2019
974,31/08/2019,31,8,4,3,2,2019
975,01/09/2019,1,9,5,3,2,2019
976,02/09/2019,2,9,5,3,2,2019
977,03/09/2019,3,9,5,3,2,2019
978,04/09/2019,4,9,5,3,2,2019
979,05/09/2019,5,9,5,3,2,2019
980,06/09/2019,6,9,5,3,2,2019
981,07/09/2019,7,9,5,3,2,2019
982,08/09/2019,8,9,5,3,2,2019
983,09/09/2019,9,9,5,3,2,2019
984,10/09/2019,10,9,5,3,2,2019
985,11/09/2019,11,9,5,3,2,2019
986,12/09/2019,12,9,5,3,2,2019
987,13/09/2019,13,9,5,3,2,2019
988,14/09/2019,14,9,5,3,2,2019
989,15/09/2019,15,9,5,3,2,2019
990,16/09/2019,16,9,5,3,2,2019
991,17/09/2019,17,9,5,3,2,2019
992,18/09/2019,18,9,5,3,2,2019
993,19/09/2019,19,9,5,3,2,2019
994,20/09/2019,20,9,5,3,2,2019
995,21/09/2019,21,9,5,3,2,2019
996,22/09/2019,22,9,5,3,2,2019
997,23/09/2019,23,9,5,3,2,2019
998,24/09/2019,24,9,5,3,2,2019
999,25/09/2019,25,9,5,3,2,2019
1000,26/09/2019,26,9,5,3,2,2019
1001,27/09/2019,27,9,5,3,2,2019
1002,28/09/2019,28,9,5,3,2,2019
1003,29/09/2019,29,9,5,3,2,2019
1004,30/09/2019,30,9,5,3,2,2019
1005,01/10/2019,1,10,5,4,2,2019
1006,02/10/2019,2,10,5,4,2,2019
1007,03/10/2019,3,10,5,4,2,2019
1008,04/10/2019,4,10,5,4,2,2019
1009,05/10/2019,5,10,5,4,2,2019
1010,06/10/2019,6,10,5,4,2,2019
1011,07/10/2019,7,10,5,4,2,2019
1012,08/10/2019,8,10,5,4,2,2019
1013,09/10/2019,9,10,5,4,2,2019
1014,10/10/2019,10,10,5,4,2,2019
1015,11/10/2019,11,10,5,4,2,2019
1016,12/10/2019,12,10,5,4,2,2019
1017,13/10/2019,13,10,5,4,2,2019
1018,14/10/2019,14,10,5,4,2,2019
1019,15/10/2019,15,10,5,4,2,2019
1020,16/10/2019,16,10,5,4,2,2019
1021,17/10/2019,17,10,5,4,2,2019
1022,18/10/2019,18,10,5,4,2,2019
1023,19/10/2019,19,10,5,4,2,2019
1024,20/10/2019,20,10,5,4,2,2019
1025,21/10/2019,21,10,5,4,2,2019
1026,22/10/2019,22,10,5,4,2,2019
1027,23/10/2019,23,10,5,4,2,2019
1028,24/10/2019,24,10,5,4,2,2019
1029,25/10/2019,25,10,5,4,2,2019
1030,26/10/2019,26,10,5,4,2,2019
1031,27/10/2019,27,10,5,4,2,2019
1032,28/10/2019,28,10,5,4,2,2019
1033,29/10/2019,29,10,5,4,2,2019
1034,30/10/2019,30,10,5,4,2,2019
1035,31/10/2019,31,10,5,4,2,2019
1036,01/11/2019,1,11,6,4,2,2019
1037,02/11/2019,2,11,6,4,2,2019
1038,03/11/2019,3,11,6,4,2,2019
1039,04/11/2019,4,11,6,4,2,2019
1040,05/11/2019,5,11,6,4,2,2019
1041,06/11/2019,6,11,6,4,2,2019
1042,07/11/2019,7,11,6,4,2,2019
1043,08/11/2019,8,11,6,4,2,2019
1044,09/11/2019,9,11,6,4,2,2019
1045,10/11/2019,10,11,6,4,2,2019
1046,11/11/2019,11,11,6,4,2,2019
1047,12/11/2019,12,11,6,4,2,2019
1048,13/11/2019,13,11,6,4,2,2019
1049,14/11/2019,14,11,6,4,2,2019
1050,15/11/2019,15,11,6,4,2,2019
1051,16/11/2019,16,11,6,4,2,2019
1052,17/11/2019,17,11,6,4,2,2019
1053,18/11/2019,18,11,6,4,2,2019
1054,19/11/2019,19,11,6,4,2,2019
1055,20/11/2019,20,11,6,4,2,2019
1056,21/11/2019,21,11,6,4,2,2019
1057,22/11/2019,22,11,6,4,2,2019
1058,23/11/2019,23,11,6,4,2,2019
1059,24/11/2019,24,11,6,4,2,2019
1060,25/11/2019,25,11,6,4,2,2019
1061,26/11/2019,26,11,6,4,2,2019
1062,27/11/2019,27,11,6,4,2,2019
1063,28/11/2019,28,11,6,4,2,2019
1064,29/11/2019,29,11,6,4,2,2019
1065,30/11/2019,30,11,6,4,2,2019
1066,01/12/2019,1,12,6,4,2,2019
1067,02/12/2019,2,12,6,4,2,2019
1068,03/12/2019,3,12,6,4,2,2019
1069,04/12/2019,4,12,6,4,2,2019
1070,05/12/2019,5,12,6,4,2,2019
1071,06/12/2019,6,12,6,4,2,2019
1072,07/12/2019,7,12,6,4,2,2019
1073,08/12/2019,8,12,6,4,2,2019
1074,09/12/2019,9,12,6,4,2,2019
1075,10/12/2019,10,12,6,4,2,2019
1076,11/12/2019,11,12,6,4,2,2019
1077,12/12/2019,12,12,6,4,2,2019
1078,13/12/2019,13,12,6,4,2,2019
1079,14/12/2019,14,12,6,4,2,2019
1080,15/12/2019,15,12,6,4,2,2019
1081,16/12/2019,16,12,6,4,2,2019
1082,17/12/2019,17,12,6,4,2,2019
1083,18/12/2019,18,12,6,4,2,2019
1084,19/12/2019,19,12,6,4,2,2019
1085,20/12/2019,20,12,6,4,2,2019
1086,21/12/2019,21,12,6,4,2,2019
1087,22/12/2019,22,12,6,4,2,2019
1088,23/12/2019,23,12,6,4,2,2019
1089,24/12/2019,24,12,6,4,2,2019
1090,25/12/2019,25,12,6,4,2,2019
1091,26/12/2019,26,12,6,4,2,2019
1092,27/12/2019,27,12,6,4,2,2019
1093,28/12/2019,28,12,6,4,2,2019
1094,29/12/2019,29,12,6,4,2,2019
1095,30/12/2019,30,12,6,4,2,2019
1096,31/12/2019,31,12,6,4,2,2019
1097,01/01/2020,1,1,1,1,1,2020
1098,02/01/2020,2,1,1,1,1,2020
1099,03/01/2020,3,1,1,1,1,2020
1100,04/01/2020,4,1,1,1,1,2020
1101,05/01/2020,5,1,1,1,1,2020
1102,06/01/2020,6,1,1,1,1,2020
1103,07/01/2020,7,1,1,1,1,2020
1104,08/01/2020,8,1,1,1,1,2020
1105,09/01/2020,9,1,1,1,1,2020
1106,10/01/2020,10,1,1,1,1,2020
1107,11/01/2020,11,1,1,1,1,2020
1108,12/01/2020,12,1,1,1,1,2020
1109,13/01/2020,13,1,1,1,1,2020
1110,14/01/2020,14,1,1,1,1,2020
1111,15/01/2020,15,1,1,1,1,2020
1112,16/01/2020,16,1,1,1,1,2020
1113,17/01/2020,17,1,1,1,1,2020
1114,18/01/2020,18,1,1,1,1,2020
1115,19/01/2020,19,1,1,1,1,2020
1116,20/01/2020,20,1,1,1,1,2020
1117,21/01/2020,21,1,1,1,1,2020
1118,22/01/2020,22,1,1,1,1,2020
1119,23/01/2020,23,1,1,1,1,2020
1120,24/01/2020,24,1,1,1,1,2020
1121,25/01/2020,25,1,1,1,1,2020
1122,26/01/2020,26,1,1,1,1,2020
1123,27/01/2020,27,1,1,1,1,2020
1124,28/01/2020,28,1,1,1,1,2020
1125,29/01/2020,29,1,1,1,1,2020
1126,30/01/2020,30,1,1,1,1,2020
1127,31/01/2020,31,1,1,1,1,2020
1128,01/02/2020,1,2,1,1,1,2020
1129,02/02/2020,2,2,1,1,1,2020
1130,03/02/2020,3,2,1,1,1,2020
1131,04/02/2020,4,2,1,1,1,2020
1132,05/02/2020,5,2,1,1,1,2020
1133,06/02/2020,6,2,1,1,1,2020
1134,07/02/2020,7,2,1,1,1,2020
1135,08/02/2020,8,2,1,1,1,2020
1136,09/02/2020,9,2,1,1,1,2020
1137,10/02/2020,10,2,1,1,1,2020
1138,11/02/2020,11,2,1,1,1,2020
1139,12/02/2020,12,2,1,1,1,2020
1140,13/02/2020,13,2,1,1,1,2020
1141,14/02/2020,14,2,1,1,1,2020
1142,15/02/2020,15,2,1,1,1,2020
1143,16/02/2020,16,2,1,1,1,2020
1144,17/02/2020,17,2,1,1,1,2020
1145,18/02/2020,18,2,1,1,1,2020
1146,19/02/2020,19,2,1,1,1,2020
1147,20/02/2020,20,2,1,1,1,2020
1148,21/02/2020,21,2,1,1,1,2020
1149,22/02/2020,22,2,1,1,1,2020
1150,23/02/2020,23,2,1,1,1,2020
1151,24/02/2020,24,2,1,1,1,2020
1152,25/02/2020,25,2,1,1,1,2020
1153,26/02/2020,26,2,1,1,1,2020
1154,27/02/2020,27,2,1,1,1,2020
1155,28/02/2020,28,2,1,1,1,2020
1156,01/03/2020,1,3,2,1,1,2020
1157,02/03/2020,2,3,2,1,1,2020
1158,03/03/2020,3,3,2,1,1,2020
1159,04/03/2020,4,3,2,1,1,2020
1160,05/03/2020,5,3,2,1,1,2020
1161,06/03/2020,6,3,2,1,1,2020
1162,07/03/2020,7,3,2,1,1,2020
1163,08/03/2020,8,3,2,1,1,2020
1164,09/03/2020,9,3,2,1,1,2020
1165,10/03/2020,10,3,2,1,1,2020
1166,11/03/2020,11,3,2,1,1,2020
1167,12/03/2020,12,3,2,1,1,2020
1168,13/03/2020,13,3,2,1,1,2020
1169,14/03/2020,14,3,2,1,1,2020
1170,15/03/2020,15,3,2,1,1,2020
1171,16/03/2020,16,3,2,1,1,2020
1172,17/03/2020,17,3,2,1,1,2020
1173,18/03/2020,18,3,2,1,1,2020
1174,19/03/2020,19,3,2,1,1,2020
1175,20/03/2020,20,3,2,1,1,2020
1176,21/03/2020,21,3,2,1,1,2020
1177,22/03/2020,22,3,2,1,1,2020
1178,23/03/2020,23,3,2,1,1,2020
1179,24/03/2020,24,3,2,1,1,2020
1180,25/03/2020,25,3,2,1,1,2020
1181,26/03/2020,26,3,2,1,1,2020
1182,27/03/2020,27,3,2,1,1,2020
1183,28/03/2020,28,3,2,1,1,2020
1184,29/03/2020,29,3,2,1,1,2020
1185,30/03/2020,30,3,2,1,1,2020
1186,31/03/2020,31,3,2,1,1,2020
1187,01/04/2020,1,4,2,2,1,2020
1188,02/04/2020,2,4,2,2,1,2020
1189,03/04/2020,3,4,2,2,1,2020
1190,04/04/2020,4,4,2,2,1,2020
1191,05/04/2020,5,4,2,2,1,2020
1192,06/04/2020,6,4,2,2,1,2020
1193,07/04/2020,7,4,2,2,1,2020
1194,08/04/2020,8,4,2,2,1,2020
1195,09/04/2020,9,4,2,2,1,2020
1196,10/04/2020,10,4,2,2,1,2020
1197,11/04/2020,11,4,2,2,1,2020
1198,12/04/2020,12,4,2,2,1,2020
1199,13/04/2020,13,4,2,2,1,2020
1200,14/04/2020,14,4,2,2,1,2020
1201,15/04/2020,15,4,2,2,1,2020
1202,16/04/2020,16,4,2,2,1,2020
1203,17/04/2020,17,4,2,2,1,2020
1204,18/04/2020,18,4,2,2,1,2020
1205,19/04/2020,19,4,2,2,1,2020
1206,20/04/2020,20,4,2,2,1,2020
1207,21/04/2020,21,4,2,2,1,2020
1208,22/04/2020,22,4,2,2,1,2020
1209,23/04/2020,23,4,2,2,1,2020
1210,24/04/2020,24,4,2,2,1,2020
1211,25/04/2020,25,4,2,2,1,2020
1212,26/04/2020,26,4,2,2,1,2020
1213,27/04/2020,27,4,2,2,1,2020
1214,28/04/2020,28,4,2,2,1,2020
1215,29/04/2020,29,4,2,2,1,2020
1216,30/04/2020,30,4,2,2,1,2020
1217,01/05/2020,1,5,3,2,1,2020
1218,02/05/2020,2,5,3,2,1,2020
1219,03/05/2020,3,5,3,2,1,2020
1220,04/05/2020,4,5,3,2,1,2020
1221,05/05/2020,5,5,3,2,1,2020
1222,06/05/2020,6,5,3,2,1,2020
1223,07/05/2020,7,5,3,2,1,2020
1224,08/05/2020,8,5,3,2,1,2020
1225,09/05/2020,9,5,3,2,1,2020
1226,10/05/2020,10,5,3,2,1,2020
1227,11/05/2020,11,5,3,2,1,2020
1228,12/05/2020,12,5,3,2,1,2020
1229,13/05/2020,13,5,3,2,1,2020
1230,14/05/2020,14,5,3,2,1,2020
1231,15/05/2020,15,5,3,2,1,2020
1232,16/05/2020,16,5,3,2,1,2020
1233,17/05/2020,17,5,3,2,1,2020
1234,18/05/2020,18,5,3,2,1,2020
1235,19/05/2020,19,5,3,2,1,2020
1236,20/05/2020,20,5,3,2,1,2020
1237,21/05/2020,21,5,3,2,1,2020
1238,22/05/2020,22,5,3,2,1,2020
1239,23/05/2020,23,5,3,2,1,2020
1240,24/05/2020,24,5,3,2,1,2020
1241,25/05/2020,25,5,3,2,1,2020
1242,26/05/2020,26,5,3,2,1,2020
1243,27/05/2020,27,5,3,2,1,2020
1244,28/05/2020,28,5,3,2,1,2020
1245,29/05/2020,29,5,3,2,1,2020
1246,30/05/2020,30,5,3,2,1,2020
1247,31/05/2020,31,5,3,2,1,2020
1248,01/06/2020,1,6,3,2,1,2020
1249,02/06/2020,2,6,3,2,1,2020
1250,03/06/2020,3,6,3,2,1,2020
1251,04/06/2020,4,6,3,2,1,2020
1252,05/06/2020,5,6,3,2,1,2020
1253,06/06/2020,6,6,3,2,1,2020
1254,07/06/2020,7,6,3,2,1,2020
1255,08/06/2020,8,6,3,2,1,2020
1256,09/06/2020,9,6,3,2,1,2020
1257,10/06/2020,10,6,3,2,1,2020
1258,11/06/2020,11,6,3,2,1,2020
1259,12/06/2020,12,6,3,2,1,2020
1260,13/06/2020,13,6,3,2,1,2020
1261,14/06/2020,14,6,3,2,1,2020
1262,15/06/2020,15,6,3,2,1,2020
1263,16/06/2020,16,6,3,2,1,2020
1264,17/06/2020,17,6,3,2,1,2020
1265,18/06/2020,18,6,3,2,1,2020
1266,19/06/2020,19,6,3,2,1,2020
1267,20/06/2020,20,6,3,2,1,2020
1268,21/06/2020,21,6,3,2,1,2020
1269,22/06/2020,22,6,3,2,1,2020
1270,23/06/2020,23,6,3,2,1,2020
1271,24/06/2020,24,6,3,2,1,2020
1272,25/06/2020,25,6,3,2,1,2020
1273,26/06/2020,26,6,3,2,1,2020
1274,27/06/2020,27,6,3,2,1,2020
1275,28/06/2020,28,6,3,2,1,2020
1276,29/06/2020,29,6,3,2,1,2020
1277,30/06/2020,30,6,3,2,1,2020
1278,01/07/2020,1,7,4,3,2,2020
1279,02/07/2020,2,7,4,3,2,2020
1280,03/07/2020,3,7,4,3,2,2020
1281,04/07/2020,4,7,4,3,2,2020
1282,05/07/2020,5,7,4,3,2,2020
1283,06/07/2020,6,7,4,3,2,2020
1284,07/07/2020,7,7,4,3,2,2020
1285,08/07/2020,8,7,4,3,2,2020
1286,09/07/2020,9,7,4,3,2,2020
1287,10/07/2020,10,7,4,3,2,2020
1288,11/07/2020,11,7,4,3,2,2020
1289,12/07/2020,12,7,4,3,2,2020
1290,13/07/2020,13,7,4,3,2,2020
1291,14/07/2020,14,7,4,3,2,2020
1292,15/07/2020,15,7,4,3,2,2020
1293,16/07/2020,16,7,4,3,2,2020
1294,17/07/2020,17,7,4,3,2,2020
1295,18/07/2020,18,7,4,3,2,2020
1296,19/07/2020,19,7,4,3,2,2020
1297,20/07/2020,20,7,4,3,2,2020
1298,21/07/2020,21,7,4,3,2,2020
1299,22/07/2020,22,7,4,3,2,2020
1300,23/07/2020,23,7,4,3,2,2020
1301,24/07/2020,24,7,4,3,2,2020
1302,25/07/2020,25,7,4,3,2,2020
1303,26/07/2020,26,7,4,3,2,2020
1304,27/07/2020,27,7,4,3,2,2020
1305,28/07/2020,28,7,4,3,2,2020
1306,29/07/2020,29,7,4,3,2,2020
1307,30/07/2020,30,7,4,3,2,2020
1308,31/07/2020,31,7,4,3,2,2020
1309,01/08/2020,1,8,4,3,2,2020
1310,02/08/2020,2,8,4,3,2,2020
1311,03/08/2020,3,8,4,3,2,2020
1312,04/08/2020,4,8,4,3,2,2020
1313,05/08/2020,5,8,4,3,2,2020
1314,06/08/2020,6,8,4,3,2,2020
1315,07/08/2020,7,8,4,3,2,2020
1316,08/08/2020,8,8,4,3,2,2020
1317,09/08/2020,9,8,4,3,2,2020
1318,10/08/2020,10,8,4,3,2,2020
1319,11/08/2020,11,8,4,3,2,2020
1320,12/08/2020,12,8,4,3,2,2020
1321,13/08/2020,13,8,4,3,2,2020
1322,14/08/2020,14,8,4,3,2,2020
1323,15/08/2020,15,8,4,3,2,2020
1324,16/08/2020,16,8,4,3,2,2020
1325,17/08/2020,17,8,4,3,2,2020
1326,18/08/2020,18,8,4,3,2,2020
1327,19/08/2020,19,8,4,3,2,2020
1328,20/08/2020,20,8,4,3,2,2020
1329,21/08/2020,21,8,4,3,2,2020
1330,22/08/2020,22,8,4,3,2,2020
1331,23/08/2020,23,8,4,3,2,2020
1332,24/08/2020,24,8,4,3,2,2020
1333,25/08/2020,25,8,4,3,2,2020
1334,26/08/2020,26,8,4,3,2,2020
1335,27/08/2020,27,8,4,3,2,2020
1336,28/08/2020,28,8,4,3,2,2020
1337,29/08/2020,29,8,4,3,2,2020
1338,30/08/2020,30,8,4,3,2,2020
1339,31/08/2020,31,8,4,3,2,2020
1340,01/09/2020,1,9,5,3,2,2020
1341,02/09/2020,2,9,5,3,2,2020
1342,03/09/2020,3,9,5,3,2,2020
1343,04/09/2020,4,9,5,3,2,2020
1344,05/09/2020,5,9,5,3,2,2020
1345,06/09/2020,6,9,5,3,2,2020
1346,07/09/2020,7,9,5,3,2,2020
1347,08/09/2020,8,9,5,3,2,2020
1348,09/09/2020,9,9,5,3,2,2020
1349,10/09/2020,10,9,5,3,2,2020
1350,11/09/2020,11,9,5,3,2,2020
1351,12/09/2020,12,9,5,3,2,2020
1352,13/09/2020,13,9,5,3,2,2020
1353,14/09/2020,14,9,5,3,2,2020
1354,15/09/2020,15,9,5,3,2,2020
1355,16/09/2020,16,9,5,3,2,2020
1356,17/09/2020,17,9,5,3,2,2020
1357,18/09/2020,18,9,5,3,2,2020
1358,19/09/2020,19,9,5,3,2,2020
1359,20/09/2020,20,9,5,3,2,2020
1360,21/09/2020,21,9,5,3,2,2020
1361,22/09/2020,22,9,5,3,2,2020
1362,23/09/2020,23,9,5,3,2,2020
1363,24/09/2020,24,9,5,3,2,2020
1364,25/09/2020,25,9,5,3,2,2020
1365,26/09/2020,26,9,5,3,2,2020
1366,27/09/2020,27,9,5,3,2,2020
1367,28/09/2020,28,9,5,3,2,2020
1368,29/09/2020,29,9,5,3,2,2020
1369,30/09/2020,30,9,5,3,2,2020
1370,01/10/2020,1,10,5,4,2,2020
1371,02/10/2020,2,10,5,4,2,2020
1372,03/10/2020,3,10,5,4,2,2020
1373,04/10/2020,4,10,5,4,2,2020
1374,05/10/2020,5,10,5,4,2,2020
1375,06/10/2020,6,10,5,4,2,2020
1376,07/10/2020,7,10,5,4,2,2020
1377,08/10/2020,8,10,5,4,2,2020
1378,09/10/2020,9,10,5,4,2,2020
1379,10/10/2020,10,10,5,4,2,2020
1380,11/10/2020,11,10,5,4,2,2020
1381,12/10/2020,12,10,5,4,2,2020
1382,13/10/2020,13,10,5,4,2,2020
1383,14/10/2020,14,10,5,4,2,2020
1384,15/10/2020,15,10,5,4,2,2020
1385,16/10/2020,16,10,5,4,2,2020
1386,17/10/2020,17,10,5,4,2,2020
1387,18/10/2020,18,10,5,4,2,2020
1388,19/10/2020,19,10,5,4,2,2020
1389,20/10/2020,20,10,5,4,2,2020
1390,21/10/2020,21,10,5,4,2,2020
1391,22/10/2020,22,10,5,4,2,2020
1392,23/10/2020,23,10,5,4,2,2020
1393,24/10/2020,24,10,5,4,2,2020
1394,25/10/2020,25,10,5,4,2,2020
1395,26/10/2020,26,10,5,4,2,2020
1396,27/10/2020,27,10,5,4,2,2020
1397,28/10/2020,28,10,5,4,2,2020
1398,29/10/2020,29,10,5,4,2,2020
1399,30/10/2020,30,10,5,4,2,2020
1400,31/10/2020,31,10,5,4,2,2020
1401,01/11/2020,1,11,6,4,2,2020
1402,02/11/2020,2,11,6,4,2,2020
1403,03/11/2020,3,11,6,4,2,2020
1404,04/11/2020,4,11,6,4,2,2020
1405,05/11/2020,5,11,6,4,2,2020
1406,06/11/2020,6,11,6,4,2,2020
1407,07/11/2020,7,11,6,4,2,2020
1408,08/11/2020,8,11,6,4,2,2020
1409,09/11/2020,9,11,6,4,2,2020
1410,10/11/2020,10,11,6,4,2,2020
1411,11/11/2020,11,11,6,4,2,2020
1412,12/11/2020,12,11,6,4,2,2020
1413,13/11/2020,13,11,6,4,2,2020
1414,14/11/2020,14,11,6,4,2,2020
1415,15/11/2020,15,11,6,4,2,2020
1416,16/11/2020,16,11,6,4,2,2020
1417,17/11/2020,17,11,6,4,2,2020
1418,18/11/2020,18,11,6,4,2,2020
1419,19/11/2020,19,11,6,4,2,2020
1420,20/11/2020,20,11,6,4,2,2020
1421,21/11/2020,21,11,6,4,2,2020
1422,22/11/2020,22,11,6,4,2,2020
1423,23/11/2020,23,11,6,4,2,2020
1424,24/11/2020,24,11,6,4,2,2020
1425,25/11/2020,25,11,6,4,2,2020
1426,26/11/2020,26,11,6,4,2,2020
1427,27/11/2020,27,11,6,4,2,2020
1428,28/11/2020,28,11,6,4,2,2020
1429,29/11/2020,29,11,6,4,2,2020
1430,30/11/2020,30,11,6,4,2,2020
1431,01/12/2020,1,12,6,4,2,2020
1432,02/12/2020,2,12,6,4,2,2020
1433,03/12/2020,3,12,6,4,2,2020
1434,04/12/2020,4,12,6,4,2,2020
1435,05/12/2020,5,12,6,4,2,2020
1436,06/12/2020,6,12,6,4,2,2020
1437,07/12/2020,7,12,6,4,2,2020
1438,08/12/2020,8,12,6,4,2,2020
1439,09/12/2020,9,12,6,4,2,2020
1440,10/12/2020,10,12,6,4,2,2020
1441,11/12/2020,11,12,6,4,2,2020
1442,12/12/2020,12,12,6,4,2,2020
1443,13/12/2020,13,12,6,4,2,2020
1444,14/12/2020,14,12,6,4,2,2020
1445,15/12/2020,15,12,6,4,2,2020
1446,16/12/2020,16,12,6,4,2,2020
1447,17/12/2020,17,12,6,4,2,2020
1448,18/12/2020,18,12,6,4,2,2020
1449,19/12/2020,19,12,6,4,2,2020
1450,20/12/2020,20,12,6,4,2,2020
1451,21/12/2020,21,12,6,4,2,2020
1452,22/12/2020,22,12,6,4,2,2020
1453,23/12/2020,23,12,6,4,2,2020
1454,24/12/2020,24,12,6,4,2,2020
1455,25/12/2020,25,12,6,4,2,2020
1456,26/12/2020,26,12,6,4,2,2020
1457,27/12/2020,27,12,6,4,2,2020
1458,28/12/2020,28,12,6,4,2,2020
1459,29/12/2020,29,12,6,4,2,2020
1460,30/12/2020,30,12,6,4,2,2020
1461,31/12/2020,31,12,6,4,2,2020
1462,01/01/2021,1,1,1,1,1,2021
1463,02/01/2021,2,1,1,1,1,2021
1464,03/01/2021,3,1,1,1,1,2021
1465,04/01/2021,4,1,1,1,1,2021
1466,05/01/2021,5,1,1,1,1,2021
1467,06/01/2021,6,1,1,1,1,2021
1468,07/01/2021,7,1,1,1,1,2021
1469,08/01/2021,8,1,1,1,1,2021
1470,09/01/2021,9,1,1,1,1,2021
1471,10/01/2021,10,1,1,1,1,2021
1472,11/01/2021,11,1,1,1,1,2021
1473,12/01/2021,12,1,1,1,1,2021
1474,13/01/2021,13,1,1,1,1,2021
1475,14/01/2021,14,1,1,1,1,2021
1476,15/01/2021,15,1,1,1,1,2021
1477,16/01/2021,16,1,1,1,1,2021
1478,17/01/2021,17,1,1,1,1,2021
1479,18/01/2021,18,1,1,1,1,2021
1480,19/01/2021,19,1,1,1,1,2021
1481,20/01/2021,20,1,1,1,1,2021
1482,21/01/2021,21,1,1,1,1,2021
1483,22/01/2021,22,1,1,1,1,2021
1484,23/01/2021,23,1,1,1,1,2021
1485,24/01/2021,24,1,1,1,1,2021
1486,25/01/2021,25,1,1,1,1,2021
1487,26/01/2021,26,1,1,1,1,2021
1488,27/01/2021,27,1,1,1,1,2021
1489,28/01/2021,28,1,1,1,1,2021
1490,29/01/2021,29,1,1,1,1,2021
1491,30/01/2021,30,1,1,1,1,2021
1492,31/01/2021,31,1,1,1,1,2021
1493,01/02/2021,1,2,1,1,1,2021
1494,02/02/2021,2,2,1,1,1,2021
1495,03/02/2021,3,2,1,1,1,2021
1496,04/02/2021,4,2,1,1,1,2021
1497,05/02/2021,5,2,1,1,1,2021
1498,06/02/2021,6,2,1,1,1,2021
1499,07/02/2021,7,2,1,1,1,2021
1500,08/02/2021,8,2,1,1,1,2021
1501,09/02/2021,9,2,1,1,1,2021
1502,10/02/2021,10,2,1,1,1,2021
1503,11/02/2021,11,2,1,1,1,2021
1504,12/02/2021,12,2,1,1,1,2021
1505,13/02/2021,13,2,1,1,1,2021
1506,14/02/2021,14,2,1,1,1,2021
1507,15/02/2021,15,2,1,1,1,2021
1508,16/02/2021,16,2,1,1,1,2021
1509,17/02/2021,17,2,1,1,1,2021
1510,18/02/2021,18,2,1,1,1,2021
1511,19/02/2021,19,2,1,1,1,2021
1512,20/02/2021,20,2,1,1,1,2021
1513,21/02/2021,21,2,1,1,1,2021
1514,22/02/2021,22,2,1,1,1,2021
1515,23/02/2021,23,2,1,1,1,2021
1516,24/02/2021,24,2,1,1,1,2021
1517,25/02/2021,25,2,1,1,1,2021
1518,26/02/2021,26,2,1,1,1,2021
1519,27/02/2021,27,2,1,1,1,2021
1520,28/02/2021,28,2,1,1,1,2021
1521,29/02/2021,29,2,1,1,1,2021
1522,01/03/2021,1,3,2,1,1,2021
1523,02/03/2021,2,3,2,1,1,2021
1524,03/03/2021,3,3,2,1,1,2021
1525,04/03/2021,4,3,2,1,1,2021
1526,05/03/2021,5,3,2,1,1,2021
1527,06/03/2021,6,3,2,1,1,2021
1528,07/03/2021,7,3,2,1,1,2021
1529,08/03/2021,8,3,2,1,1,2021
1530,09/03/2021,9,3,2,1,1,2021
1531,10/03/2021,10,3,2,1,1,2021
1532,11/03/2021,11,3,2,1,1,2021
1533,12/03/2021,12,3,2,1,1,2021
1534,13/03/2021,13,3,2,1,1,2021
1535,14/03/2021,14,3,2,1,1,2021
1536,15/03/2021,15,3,2,1,1,2021
1537,16/03/2021,16,3,2,1,1,2021
1538,17/03/2021,17,3,2,1,1,2021
1539,18/03/2021,18,3,2,1,1,2021
1540,19/03/2021,19,3,2,1,1,2021
1541,20/03/2021,20,3,2,1,1,2021
1542,21/03/2021,21,3,2,1,1,2021
1543,22/03/2021,22,3,2,1,1,2021
1544,23/03/2021,23,3,2,1,1,2021
1545,24/03/2021,24,3,2,1,1,2021
1546,25/03/2021,25,3,2,1,1,2021
1547,26/03/2021,26,3,2,1,1,2021
1548,27/03/2021,27,3,2,1,1,2021
1549,28/03/2021,28,3,2,1,1,2021
1550,29/03/2021,29,3,2,1,1,2021
1551,30/03/2021,30,3,2,1,1,2021
1552,31/03/2021,31,3,2,1,1,2021
1553,01/04/2021,1,4,2,2,1,2021
1554,02/04/2021,2,4,2,2,1,2021
1555,03/04/2021,3,4,2,2,1,2021
1556,04/04/2021,4,4,2,2,1,2021
1557,05/04/2021,5,4,2,2,1,2021
1558,06/04/2021,6,4,2,2,1,2021
1559,07/04/2021,7,4,2,2,1,2021
1560,08/04/2021,8,4,2,2,1,2021
1561,09/04/2021,9,4,2,2,1,2021
1562,10/04/2021,10,4,2,2,1,2021
1563,11/04/2021,11,4,2,2,1,2021
1564,12/04/2021,12,4,2,2,1,2021
1565,13/04/2021,13,4,2,2,1,2021
1566,14/04/2021,14,4,2,2,1,2021
1567,15/04/2021,15,4,2,2,1,2021
1568,16/04/2021,16,4,2,2,1,2021
1569,17/04/2021,17,4,2,2,1,2021
1570,18/04/2021,18,4,2,2,1,2021
1571,19/04/2021,19,4,2,2,1,2021
1572,20/04/2021,20,4,2,2,1,2021
1573,21/04/2021,21,4,2,2,1,2021
1574,22/04/2021,22,4,2,2,1,2021
1575,23/04/2021,23,4,2,2,1,2021
1576,24/04/2021,24,4,2,2,1,2021
1577,25/04/2021,25,4,2,2,1,2021
1578,26/04/2021,26,4,2,2,1,2021
1579,27/04/2021,27,4,2,2,1,2021
1580,28/04/2021,28,4,2,2,1,2021
1581,29/04/2021,29,4,2,2,1,2021
1582,30/04/2021,30,4,2,2,1,2021
1583,01/05/2021,1,5,3,2,1,2021
1584,02/05/2021,2,5,3,2,1,2021
1585,03/05/2021,3,5,3,2,1,2021
1586,04/05/2021,4,5,3,2,1,2021
1587,05/05/2021,5,5,3,2,1,2021
1588,06/05/2021,6,5,3,2,1,2021
1589,07/05/2021,7,5,3,2,1,2021
1590,08/05/2021,8,5,3,2,1,2021
1591,09/05/2021,9,5,3,2,1,2021
1592,10/05/2021,10,5,3,2,1,2021
1593,11/05/2021,11,5,3,2,1,2021
1594,12/05/2021,12,5,3,2,1,2021
1595,13/05/2021,13,5,3,2,1,2021
1596,14/05/2021,14,5,3,2,1,2021
1597,15/05/2021,15,5,3,2,1,2021
1598,16/05/2021,16,5,3,2,1,2021
1599,17/05/2021,17,5,3,2,1,2021
1600,18/05/2021,18,5,3,2,1,2021
1601,19/05/2021,19,5,3,2,1,2021
1602,20/05/2021,20,5,3,2,1,2021
1603,21/05/2021,21,5,3,2,1,2021
1604,22/05/2021,22,5,3,2,1,2021
1605,23/05/2021,23,5,3,2,1,2021
1606,24/05/2021,24,5,3,2,1,2021
1607,25/05/2021,25,5,3,2,1,2021
1608,26/05/2021,26,5,3,2,1,2021
1609,27/05/2021,27,5,3,2,1,2021
1610,28/05/2021,28,5,3,2,1,2021
1611,29/05/2021,29,5,3,2,1,2021
1612,30/05/2021,30,5,3,2,1,2021
1613,31/05/2021,31,5,3,2,1,2021
1614,01/06/2021,1,6,3,2,1,2021
1615,02/06/2021,2,6,3,2,1,2021
1616,03/06/2021,3,6,3,2,1,2021
1617,04/06/2021,4,6,3,2,1,2021
1618,05/06/2021,5,6,3,2,1,2021
1619,06/06/2021,6,6,3,2,1,2021
1620,07/06/2021,7,6,3,2,1,2021
1621,08/06/2021,8,6,3,2,1,2021
1622,09/06/2021,9,6,3,2,1,2021
1623,10/06/2021,10,6,3,2,1,2021
1624,11/06/2021,11,6,3,2,1,2021
1625,12/06/2021,12,6,3,2,1,2021
1626,13/06/2021,13,6,3,2,1,2021
1627,14/06/2021,14,6,3,2,1,2021
1628,15/06/2021,15,6,3,2,1,2021
1629,16/06/2021,16,6,3,2,1,2021
1630,17/06/2021,17,6,3,2,1,2021
1631,18/06/2021,18,6,3,2,1,2021
1632,19/06/2021,19,6,3,2,1,2021
1633,20/06/2021,20,6,3,2,1,2021
1634,21/06/2021,21,6,3,2,1,2021
1635,22/06/2021,22,6,3,2,1,2021
1636,23/06/2021,23,6,3,2,1,2021
1637,24/06/2021,24,6,3,2,1,2021
1638,25/06/2021,25,6,3,2,1,2021
1639,26/06/2021,26,6,3,2,1,2021
1640,27/06/2021,27,6,3,2,1,2021
1641,28/06/2021,28,6,3,2,1,2021
1642,29/06/2021,29,6,3,2,1,2021
1643,30/06/2021,30,6,3,2,1,2021
1644,01/07/2021,1,7,4,3,2,2021
1645,02/07/2021,2,7,4,3,2,2021
1646,03/07/2021,3,7,4,3,2,2021
1647,04/07/2021,4,7,4,3,2,2021
1648,05/07/2021,5,7,4,3,2,2021
1649,06/07/2021,6,7,4,3,2,2021
1650,07/07/2021,7,7,4,3,2,2021
1651,08/07/2021,8,7,4,3,2,2021
1652,09/07/2021,9,7,4,3,2,2021
1653,10/07/2021,10,7,4,3,2,2021
1654,11/07/2021,11,7,4,3,2,2021
1655,12/07/2021,12,7,4,3,2,2021
1656,13/07/2021,13,7,4,3,2,2021
1657,14/07/2021,14,7,4,3,2,2021
1658,15/07/2021,15,7,4,3,2,2021
1659,16/07/2021,16,7,4,3,2,2021
1660,17/07/2021,17,7,4,3,2,2021
1661,18/07/2021,18,7,4,3,2,2021
1662,19/07/2021,19,7,4,3,2,2021
1663,20/07/2021,20,7,4,3,2,2021
1664,21/07/2021,21,7,4,3,2,2021
1665,22/07/2021,22,7,4,3,2,2021
1666,23/07/2021,23,7,4,3,2,2021
1667,24/07/2021,24,7,4,3,2,2021
1668,25/07/2021,25,7,4,3,2,2021
1669,26/07/2021,26,7,4,3,2,2021
1670,27/07/2021,27,7,4,3,2,2021
1671,28/07/2021,28,7,4,3,2,2021
1672,29/07/2021,29,7,4,3,2,2021
1673,30/07/2021,30,7,4,3,2,2021
1674,31/07/2021,31,7,4,3,2,2021
1675,01/08/2021,1,8,4,3,2,2021
1676,02/08/2021,2,8,4,3,2,2021
1677,03/08/2021,3,8,4,3,2,2021
1678,04/08/2021,4,8,4,3,2,2021
1679,05/08/2021,5,8,4,3,2,2021
1680,06/08/2021,6,8,4,3,2,2021
1681,07/08/2021,7,8,4,3,2,2021
1682,08/08/2021,8,8,4,3,2,2021
1683,09/08/2021,9,8,4,3,2,2021
1684,10/08/2021,10,8,4,3,2,2021
1685,11/08/2021,11,8,4,3,2,2021
1686,12/08/2021,12,8,4,3,2,2021
1687,13/08/2021,13,8,4,3,2,2021
1688,14/08/2021,14,8,4,3,2,2021
1689,15/08/2021,15,8,4,3,2,2021
1690,16/08/2021,16,8,4,3,2,2021
1691,17/08/2021,17,8,4,3,2,2021
1692,18/08/2021,18,8,4,3,2,2021
1693,19/08/2021,19,8,4,3,2,2021
1694,20/08/2021,20,8,4,3,2,2021
1695,21/08/2021,21,8,4,3,2,2021
1696,22/08/2021,22,8,4,3,2,2021
1697,23/08/2021,23,8,4,3,2,2021
1698,24/08/2021,24,8,4,3,2,2021
1699,25/08/2021,25,8,4,3,2,2021
1700,26/08/2021,26,8,4,3,2,2021
1701,27/08/2021,27,8,4,3,2,2021
1702,28/08/2021,28,8,4,3,2,2021
1703,29/08/2021,29,8,4,3,2,2021
1704,30/08/2021,30,8,4,3,2,2021
1705,31/08/2021,31,8,4,3,2,2021
1706,01/09/2021,1,9,5,3,2,2021
1707,02/09/2021,2,9,5,3,2,2021
1708,03/09/2021,3,9,5,3,2,2021
1709,04/09/2021,4,9,5,3,2,2021
1710,05/09/2021,5,9,5,3,2,2021
1711,06/09/2021,6,9,5,3,2,2021
1712,07/09/2021,7,9,5,3,2,2021
1713,08/09/2021,8,9,5,3,2,2021
1714,09/09/2021,9,9,5,3,2,2021
1715,10/09/2021,10,9,5,3,2,2021
1716,11/09/2021,11,9,5,3,2,2021
1717,12/09/2021,12,9,5,3,2,2021
1718,13/09/2021,13,9,5,3,2,2021
1719,14/09/2021,14,9,5,3,2,2021
1720,15/09/2021,15,9,5,3,2,2021
1721,16/09/2021,16,9,5,3,2,2021
1722,17/09/2021,17,9,5,3,2,2021
1723,18/09/2021,18,9,5,3,2,2021
1724,19/09/2021,19,9,5,3,2,2021
1725,20/09/2021,20,9,5,3,2,2021
1726,21/09/2021,21,9,5,3,2,2021
1727,22/09/2021,22,9,5,3,2,2021
1728,23/09/2021,23,9,5,3,2,2021
1729,24/09/2021,24,9,5,3,2,2021
1730,25/09/2021,25,9,5,3,2,2021
1731,26/09/2021,26,9,5,3,2,2021
1732,27/09/2021,27,9,5,3,2,2021
1733,28/09/2021,28,9,5,3,2,2021
1734,29/09/2021,29,9,5,3,2,2021
1735,30/09/2021,30,9,5,3,2,2021
1736,01/10/2021,1,10,5,4,2,2021
1737,02/10/2021,2,10,5,4,2,2021
1738,03/10/2021,3,10,5,4,2,2021
1739,04/10/2021,4,10,5,4,2,2021
1740,05/10/2021,5,10,5,4,2,2021
1741,06/10/2021,6,10,5,4,2,2021
1742,07/10/2021,7,10,5,4,2,2021
1743,08/10/2021,8,10,5,4,2,2021
1744,09/10/2021,9,10,5,4,2,2021
1745,10/10/2021,10,10,5,4,2,2021
1746,11/10/2021,11,10,5,4,2,2021
1747,12/10/2021,12,10,5,4,2,2021
1748,13/10/2021,13,10,5,4,2,2021
1749,14/10/2021,14,10,5,4,2,2021
1750,15/10/2021,15,10,5,4,2,2021
1751,16/10/2021,16,10,5,4,2,2021
1752,17/10/2021,17,10,5,4,2,2021
1753,18/10/2021,18,10,5,4,2,2021
1754,19/10/2021,19,10,5,4,2,2021
1755,20/10/2021,20,10,5,4,2,2021
1756,21/10/2021,21,10,5,4,2,2021
1757,22/10/2021,22,10,5,4,2,2021
1758,23/10/2021,23,10,5,4,2,2021
1759,24/10/2021,24,10,5,4,2,2021
1760,25/10/2021,25,10,5,4,2,2021
1761,26/10/2021,26,10,5,4,2,2021
1762,27/10/2021,27,10,5,4,2,2021
1763,28/10/2021,28,10,5,4,2,2021
1764,29/10/2021,29,10,5,4,2,2021
1765,30/10/2021,30,10,5,4,2,2021
1766,31/10/2021,31,10,5,4,2,2021
1767,01/11/2021,1,11,6,4,2,2021
1768,02/11/2021,2,11,6,4,2,2021
1769,03/11/2021,3,11,6,4,2,2021
1770,04/11/2021,4,11,6,4,2,2021
1771,05/11/2021,5,11,6,4,2,2021
1772,06/11/2021,6,11,6,4,2,2021
1773,07/11/2021,7,11,6,4,2,2021
1774,08/11/2021,8,11,6,4,2,2021
1775,09/11/2021,9,11,6,4,2,2021
1776,10/11/2021,10,11,6,4,2,2021
1777,11/11/2021,11,11,6,4,2,2021
1778,12/11/2021,12,11,6,4,2,2021
1779,13/11/2021,13,11,6,4,2,2021
1780,14/11/2021,14,11,6,4,2,2021
1781,15/11/2021,15,11,6,4,2,2021
1782,16/11/2021,16,11,6,4,2,2021
1783,17/11/2021,17,11,6,4,2,2021
1784,18/11/2021,18,11,6,4,2,2021
1785,19/11/2021,19,11,6,4,2,2021
1786,20/11/2021,20,11,6,4,2,2021
1787,21/11/2021,21,11,6,4,2,2021
1788,22/11/2021,22,11,6,4,2,2021
1789,23/11/2021,23,11,6,4,2,2021
1790,24/11/2021,24,11,6,4,2,2021
1791,25/11/2021,25,11,6,4,2,2021
1792,26/11/2021,26,11,6,4,2,2021
1793,27/11/2021,27,11,6,4,2,2021
1794,28/11/2021,28,11,6,4,2,2021
1795,29/11/2021,29,11,6,4,2,2021
1796,30/11/2021,30,11,6,4,2,2021
1797,01/12/2021,1,12,6,4,2,2021
1798,02/12/2021,2,12,6,4,2,2021
1799,03/12/2021,3,12,6,4,2,2021
1800,04/12/2021,4,12,6,4,2,2021
1801,05/12/2021,5,12,6,4,2,2021
1802,06/12/2021,6,12,6,4,2,2021
1803,07/12/2021,7,12,6,4,2,2021
1804,08/12/2021,8,12,6,4,2,2021
1805,09/12/2021,9,12,6,4,2,2021
1806,10/12/2021,10,12,6,4,2,2021
1807,11/12/2021,11,12,6,4,2,2021
1808,12/12/2021,12,12,6,4,2,2021
1809,13/12/2021,13,12,6,4,2,2021
1810,14/12/2021,14,12,6,4,2,2021
1811,15/12/2021,15,12,6,4,2,2021
1812,16/12/2021,16,12,6,4,2,2021
1813,17/12/2021,17,12,6,4,2,2021
1814,18/12/2021,18,12,6,4,2,2021
1815,19/12/2021,19,12,6,4,2,2021
1816,20/12/2021,20,12,6,4,2,2021
1817,21/12/2021,21,12,6,4,2,2021
1818,22/12/2021,22,12,6,4,2,2021
1819,23/12/2021,23,12,6,4,2,2021
1820,24/12/2021,24,12,6,4,2,2021
1821,25/12/2021,25,12,6,4,2,2021
1822,26/12/2021,26,12,6,4,2,2021
1823,27/12/2021,27,12,6,4,2,2021
1824,28/12/2021,28,12,6,4,2,2021
1825,29/12/2021,29,12,6,4,2,2021
1826,30/12/2021,30,12,6,4,2,2021
1827,31/12/2021,31,12,6,4,2,2021
