equipePK,clientePK,dataPK,receita,quantidadeNegociacoes
2,9,22,11525.24,1
2,24,11,17509.43,1
2,28,21,16195.76,1
1,30,23,7969.1,1
2,43,30,23124.98,1
2,46,21,15428.95,1
1,51,25,21361.76,1
1,77,4,10767.73,1
1,83,13,7241.49,1
2,106,17,6951.63,1
1,114,6,10840.77,1
2,125,15,8415.17,1
1,167,18,6982.08,1
2,172,18,26658.86,1
2,173,17,10692.41,1
1,176,5,9751.37,1
1,177,18,8559.31,1
2,179,14,9446.63,1
1,180,10,20918.42,1
1,188,7,14918.98,1
2,190,29,15928.9,1
2,195,3,5060.72,1
2,198,25,20468.26,1
2,18,34,11233.36,1
2,24,54,14905.09,1
2,28,47,22076.37,1
2,30,57,8225.29,1
2,33,33,9270.74,1
2,37,53,13230.51,1
2,43,41,37157.26,1
1,51,54,5665.9,1
2,57,35,12782.38,1
2,77,38,13280.59,1
2,79,34,5371.94,1
1,86,35,6664.19,1
1,93,46,19780.07,1
1,98,37,13306.85,1
1,114,33,5314.55,1
1,125,33,22927.71,1
2,129,59,5561.33,1
2,139,47,18264.11,1
2,167,59,36302.6,1
1,173,33,61711.97,1
1,176,33,5362.22,1
1,181,42,7337.58,1
2,188,34,24434.18,1
2,190,59,35459.66,1
2,191,40,33870.96,1
1,198,57,8693.12,1
1,206,51,7072.53,1
1,208,57,15925.26,1
1,8,71,16876.7,1
2,30,62,6474.65,1
2,33,72,7256.47,1
1,37,61,6043.23,1
2,43,65,6833.75,1
2,46,63,20116.73,1
2,59,61,10976.17,1
1,65,84,34893.98,1
2,77,83,13904.84,1
1,79,66,5941.52,1
2,83,70,6006.87,1
2,86,83,4152.85,1
2,106,85,7810.97,1
1,113,67,26823.05,1
1,139,69,7206.48,1
2,167,78,10046.15,1
1,172,66,5712.74,1
2,173,74,10920.4,1
2,176,71,4619.07,1
2,177,90,5647.49,1
2,179,75,8601.56,1
2,180,68,9876.4,1
2,181,80,4616.86,1
1,188,77,11486.4,1
2,191,67,22097.35,1
1,206,85,4470.47,1
1,208,66,5473.53,1
1,9,104,5033.42,1
1,28,99,6383.84,1
1,33,116,14255.39,1
2,37,114,9907.43,1
1,51,117,16659.13,1
2,57,99,4977.78,1
2,59,96,17245.48,1
1,101,106,10018.13,1
1,106,120,10502.71,1
1,114,97,5571.36,1
1,118,114,11338.86,1
1,129,95,5130.81,1
1,172,117,8733.85,1
1,179,110,13605.26,1
2,181,109,13379.46,1
1,190,99,10852.49,1
2,191,99,9144.59,1
1,198,113,4364.79,1
1,8,127,56550.85,1
2,18,152,5156.49,1
2,24,147,4934.52,1
1,28,150,8678.6,1
1,30,125,4987.05,1
2,33,134,5007.09,1
1,37,130,12123.25,1
2,46,140,4627.52,1
2,65,122,4596.8,1
1,77,143,9231.18,1
1,79,151,103799.24,1
1,83,132,39945.37,1
1,86,134,34568.98,1
2,100,143,4059.6,1
2,113,132,17435.74,1
1,118,148,5639.41,1
2,125,122,21705.37,1
1,129,137,4985.61,1
1,167,135,10997.77,1
2,172,139,5574.93,1
1,176,139,11746.39,1
2,177,137,14914.83,1
1,179,131,26997.26,1
2,186,150,28965.51,1
1,188,135,24199.72,1
2,191,123,5139.16,1
1,195,135,32987.7,1
1,208,148,4309.92,1
1,8,182,5759.46,1
2,9,162,6256.42,1
1,18,164,4592.28,1
2,24,154,10685.38,1
1,30,165,6526.44,1
2,77,175,24912.94,1
2,101,182,8791.31,1
1,179,170,13571.34,1
1,180,157,69607.61,1
2,186,157,7648.54,1
2,191,171,4753.81,1
1,195,154,19094.42,1
2,208,167,10111.47,1
1,24,187,10964.07,1
1,30,199,5438.99,1
1,33,208,51402.02,1
1,37,194,14544.14,1
2,43,197,13604.14,1
2,59,210,15539.43,1
2,77,190,11571.21,1
1,83,193,10423.4,1
1,86,187,23187.06,1
2,93,209,109985.39,1
1,100,183,4222.25,1
1,118,185,8630.66,1
2,125,188,83921.17,1
1,172,193,7740.57,1
1,177,188,5868.18,1
1,179,201,19034.51,1
2,181,190,18343.36,1
2,186,187,15673.14,1
2,188,195,13683.1,1
2,191,201,20531.48,1
1,206,186,14025.46,1
2,208,197,16176.25,1
2,8,219,13457.2,1
1,28,223,5708.88,1
1,37,232,5218.76,1
1,43,222,20877.47,1
2,46,214,7934.54,1
1,51,226,8766.99,1
1,59,232,33837.05,1
2,65,233,5084.14,1
1,79,229,11529.05,1
2,83,238,16377.47,1
2,86,223,4768.97,1
1,98,240,21927.21,1
1,100,237,5961.21,1
1,101,225,15927.27,1
1,106,243,6094.55,1
2,113,242,6079.35,1
1,125,243,8558.12,1
1,129,214,17331.72,1
1,167,220,23356.94,1
1,176,240,4328.99,1
2,179,228,10179.66,1
1,180,239,12170.79,1
2,191,229,4167.27,1
1,206,227,8780.82,1
2,9,270,17089.68,1
1,24,267,9418.02,1
2,28,253,17005.08,1
1,46,270,20986.03,1
1,57,267,12682.78,1
2,59,271,26540.41,1
1,65,257,36585.63,1
1,79,274,7057.89,1
2,83,253,11833.47,1
2,86,262,5992.68,1
1,93,254,7899.55,1
2,100,273,7647.29,1
2,106,265,19010.6,1
1,113,259,7016.81,1
1,125,248,27759.7,1
2,129,255,7552.35,1
2,139,251,15179.57,1
2,173,253,4442.82,1
1,176,245,15683.42,1
1,177,248,12329.59,1
1,179,272,14077.36,1
2,181,269,26598.62,1
2,190,271,5713.26,1
2,195,247,34709.24,1
2,198,251,5908.5,1
2,208,261,7793.59,1
2,30,304,10631.53,1
2,65,298,8979.86,1
2,77,280,12716.77,1
2,83,281,14724.49,1
1,93,297,6964.43,1
1,98,304,111471.56,1
2,100,284,6953.26,1
1,101,294,13323.33,1
1,106,282,15290.86,1
2,113,293,6534.19,1
1,114,296,4718.91,1
2,118,278,7618.1,1
2,125,301,7003.3,1
1,139,294,17702.38,1
1,167,291,18178.79,1
2,172,283,4197.76,1
1,173,299,17337.42,1
1,177,281,11877.01,1
2,186,290,7141.51,1
1,188,305,13000.52,1
1,190,280,4984.32,1
1,191,298,10966.0,1
1,208,293,25057.72,1
1,8,317,18319.32,1
1,9,332,15142.12,1
1,33,307,11555.14,1
2,37,333,27718.56,1
2,46,324,4523.95,1
2,51,327,8818.76,1
1,57,313,5236.52,1
2,59,311,11540.8,1
1,86,325,8177.13,1
1,93,331,13430.31,1
1,100,335,6412.44,1
2,106,309,10118.97,1
2,113,325,11833.92,1
1,139,313,5486.62,1
2,173,334,15750.35,1
2,186,324,5606.06,1
1,190,314,30042.1,1
1,191,308,4605.93,1
2,195,328,16384.47,1
2,9,341,9751.3,1
2,24,336,10633.83,1
2,28,349,139288.19,1
1,33,363,6445.54,1
2,46,352,7709.93,1
2,86,347,4496.49,1
1,98,362,7112.38,1
1,101,362,4903.4,1
1,113,357,16007.04,1
1,118,350,12844.2,1
1,125,338,10231.9,1
2,167,363,10834.07,1
1,172,355,10877.84,1
1,173,357,6118.05,1
1,176,338,14584.6,1
1,179,359,8770.94,1
2,181,347,36324.76,1
2,188,352,10914.52,1
1,190,339,11697.37,1
1,208,366,5874.0,1
5,1,385,3320.29,1
4,4,386,22588.37,1
2,8,385,8694.18,1
5,15,385,27859.52,1
2,18,394,6340.18,1
4,18,385,83255.08,1
2,24,374,5552.63,1
1,30,395,5412.68,1
1,33,377,10107.23,1
4,36,371,12179.5,1
5,39,371,6878.59,1
5,53,394,1632.15,1
1,57,375,26919.88,1
2,59,368,42193.48,1
1,65,367,5347.34,1
1,77,382,14351.17,1
1,79,378,5749.79,1
3,79,396,4894.77,1
1,93,385,8070.76,1
5,93,370,8871.51,1
3,110,392,3549.48,1
5,126,391,11268.93,1
5,127,377,2053.62,1
5,130,374,1260.0,1
4,135,367,4832.0,1
1,139,369,11132.07,1
4,142,385,1418.68,1
1,172,381,8579.78,1
2,173,368,6571.12,1
1,176,378,5966.01,1
1,181,373,5958.96,1
3,185,395,1192.17,1
5,202,389,6591.01,1
1,206,384,10430.23,1
5,1,410,2045.27,1
5,4,406,12162.22,1
4,6,402,940.88,1
1,9,400,26768.2,1
1,24,413,7873.23,1
3,27,402,27426.42,1
5,36,418,4594.92,1
2,37,402,18486.75,1
2,43,424,17481.59,1
2,46,423,65138.94,1
5,53,423,535.2,1
2,57,420,19075.39,1
5,67,422,3020.12,1
1,77,414,66529.66,1
1,79,408,5419.87,1
4,79,409,624.33,1
2,83,403,25297.68,1
2,86,411,8378.16,1
5,86,418,9384.66,1
4,91,411,2428.68,1
1,98,404,14643.4,1
1,100,419,19990.43,1
2,106,413,5654.91,1
3,110,403,1019.13,1
1,113,414,9767.06,1
1,125,402,8545.88,1
3,125,406,31576.31,1
3,126,407,2505.41,1
4,127,404,6464.94,1
2,129,417,4641.44,1
3,130,402,8230.17,1
5,150,419,4696.49,1
3,161,421,1712.23,1
1,167,406,7339.6,1
1,173,413,4680.11,1
2,177,415,12781.08,1
1,179,402,7009.59,1
5,202,405,5473.19,1
3,204,409,5098.15,1
2,206,420,12260.27,1
1,208,402,24584.61,1
5,209,419,3823.11,1
5,6,433,6792.57,1
2,8,446,33993.08,1
1,18,443,6987.32,1
5,18,426,10891.81,1
1,33,450,13308.02,1
4,36,427,552.95,1
2,37,433,4600.92,1
5,39,447,9468.68,1
3,44,443,14159.59,1
3,53,456,7539.69,1
2,59,429,75255.11,1
3,62,446,1719.69,1
2,65,426,11442.78,1
5,66,438,4448.29,1
4,73,453,3180.69,1
1,77,440,9599.57,1
1,86,440,5524.55,1
5,86,438,2565.36,1
5,91,433,1799.0,1
4,94,439,1912.83,1
1,106,445,7215.97,1
4,109,440,3733.37,1
1,113,433,9415.36,1
1,125,448,25824.15,1
5,125,428,1913.99,1
3,126,428,881.78,1
1,129,445,22391.4,1
5,130,435,5033.69,1
4,150,454,5102.32,1
3,164,431,3787.03,1
1,173,453,4762.67,1
2,177,455,5350.81,1
1,179,427,7995.75,1
2,195,434,24107.37,1
2,208,449,8868.56,1
2,24,479,10581.82,1
4,27,465,660.81,1
2,33,473,10783.14,1
3,36,480,7373.06,1
2,37,482,7379.52,1
4,38,460,3741.51,1
4,39,459,838.26,1
2,43,457,6890.29,1
3,44,463,460.92,1
2,46,469,6424.87,1
4,53,486,6957.31,1
2,57,461,9304.35,1
2,59,481,20924.82,1
2,77,464,9376.47,1
2,79,477,16690.86,1
4,79,481,27850.47,1
1,83,462,28710.65,1
1,86,479,6605.75,1
3,86,458,815.94,1
4,91,478,12603.26,1
2,93,470,12673.65,1
3,93,478,5310.22,1
5,109,461,14046.89,1
4,110,480,3017.82,1
2,113,470,10394.41,1
1,125,480,15933.85,1
5,125,477,6239.09,1
4,126,466,692.27,1
4,127,479,1179.62,1
3,130,478,5422.58,1
1,139,473,30872.53,1
4,141,471,2353.34,1
4,142,470,4965.43,1
5,152,475,1808.1,1
5,161,468,3810.61,1
2,167,486,5174.51,1
1,172,474,9689.81,1
2,180,459,7244.92,1
5,183,477,698.87,1
5,185,460,47060.58,1
2,186,472,36899.57,1
4,186,471,857.15,1
2,195,471,4545.48,1
2,198,481,23340.19,1
5,204,467,1400.68,1
2,206,482,4535.01,1
5,209,484,2807.56,1
1,8,511,16095.3,1
2,9,493,9936.14,1
3,15,517,994.11,1
1,24,511,55875.25,1
4,27,496,2536.76,1
1,28,493,6290.01,1
2,33,493,6080.9,1
4,36,493,1599.43,1
1,37,507,7866.84,1
3,44,512,1760.06,1
2,51,503,5770.0,1
5,51,490,3718.55,1
4,53,491,3489.82,1
1,57,500,5413.48,1
2,59,495,5473.74,1
4,66,492,4274.92,1
1,83,492,32432.09,1
1,86,516,21429.76,1
5,86,517,1546.32,1
2,93,513,27256.17,1
5,93,502,2396.79,1
1,98,507,42643.87,1
1,100,513,23023.29,1
3,109,490,1611.97,1
1,113,501,7472.79,1
2,118,515,5001.48,1
3,126,509,18694.99,1
3,130,517,2945.17,1
2,139,512,7012.19,1
5,141,491,6626.69,1
4,164,489,13049.97,1
2,167,501,11571.93,1
1,176,517,7862.72,1
1,177,500,6041.57,1
2,179,495,6139.04,1
3,183,497,6346.9,1
5,185,515,466.63,1
1,186,516,11645.56,1
5,186,513,10588.06,1
2,188,493,6032.99,1
3,188,492,481.23,1
1,190,498,7537.85,1
1,191,497,9299.39,1
1,195,494,24711.05,1
3,209,511,4280.26,1
5,210,496,3450.11,1
5,6,518,2186.74,1
4,15,544,40296.37,1
1,18,546,21079.61,1
5,18,536,1734.07,1
2,24,530,40024.02,1
3,27,524,46471.08,1
4,38,536,459.88,1
2,43,519,7307.26,1
5,44,530,543.5,1
1,51,535,18377.02,1
3,51,518,5021.53,1
1,57,533,8761.87,1
2,59,539,20169.13,1
5,62,536,2541.31,1
2,65,519,11796.98,1
1,77,540,15174.3,1
1,79,523,9392.22,1
5,79,544,1833.63,1
1,83,530,21574.14,1
2,86,543,16505.29,1
4,86,543,11684.58,1
3,88,520,3170.1,1
5,91,542,827.63,1
1,93,530,78947.68,1
5,93,527,1975.03,1
2,100,530,10288.16,1
1,101,530,12409.37,1
4,109,521,84726.54,1
1,113,524,5316.37,1
2,118,526,13263.02,1
1,125,532,19413.61,1
3,125,543,2002.04,1
4,126,535,6298.94,1
4,127,532,13791.31,1
3,135,530,490.86,1
1,139,519,5726.02,1
5,142,533,4373.48,1
5,150,533,2751.74,1
5,164,527,7273.94,1
2,167,546,5773.38,1
2,172,528,24663.72,1
2,173,528,7404.19,1
2,176,527,6344.63,1
1,179,532,11222.25,1
2,181,528,9824.14,1
2,186,546,10743.41,1
5,186,538,1064.66,1
1,188,533,20940.96,1
4,188,529,1934.18,1
1,190,527,15709.83,1
1,198,544,4976.52,1
1,208,545,13811.94,1
4,6,570,5785.29,1
1,8,577,6932.55,1
3,22,568,10694.66,1
3,23,552,13184.98,1
2,24,575,4369.48,1
2,28,566,24872.24,1
4,36,564,83130.31,1
5,38,550,1252.95,1
5,44,563,3643.21,1
2,65,568,40050.68,1
3,67,576,668.81,1
5,73,554,3716.06,1
1,77,573,8697.74,1
2,83,556,16872.44,1
2,86,577,25318.38,1
3,86,564,3145.76,1
3,91,572,68513.42,1
1,93,575,9198.74,1
5,93,565,7798.85,1
2,98,576,9363.92,1
1,100,573,24830.58,1
1,101,563,17437.65,1
4,110,559,1052.47,1
2,114,550,7801.08,1
5,116,550,2248.01,1
2,125,571,7690.44,1
5,125,554,1538.1,1
4,127,549,657.28,1
5,130,568,7745.59,1
4,135,570,30589.51,1
1,139,574,13913.47,1
3,141,561,1235.78,1
4,142,560,4019.31,1
4,150,550,630.9,1
4,161,551,482.44,1
3,164,558,875.78,1
2,176,562,5775.43,1
2,177,548,7690.93,1
2,180,570,5868.25,1
4,183,570,1241.28,1
3,185,555,1174.57,1
1,186,563,8327.08,1
5,186,552,717.41,1
1,188,573,35708.83,1
5,188,550,847.23,1
2,195,561,13248.85,1
1,198,575,14819.31,1
5,4,581,1908.09,1
4,6,597,7570.07,1
1,8,606,11814.0,1
1,9,595,17785.22,1
1,18,595,5050.52,1
5,18,593,3601.39,1
5,23,586,5593.44,1
2,24,596,12736.79,1
2,28,584,17342.46,1
1,30,585,47840.03,1
5,36,598,4493.99,1
2,37,589,5625.73,1
3,39,579,5996.54,1
1,51,600,7083.74,1
3,51,592,1003.57,1
2,59,589,6944.19,1
3,62,606,4840.54,1
2,65,598,19535.21,1
4,66,581,4096.84,1
3,67,585,2925.0,1
3,73,607,716.15,1
2,77,600,39409.36,1
3,88,579,11442.84,1
5,91,589,13062.77,1
2,93,590,24474.87,1
4,93,608,4156.22,1
4,94,579,2474.99,1
2,98,606,15334.48,1
1,101,587,16333.1,1
1,106,593,26879.82,1
1,114,586,7448.5,1
2,118,587,4398.16,1
2,129,591,12163.81,1
3,130,597,10911.48,1
5,141,607,6884.41,1
3,152,585,10566.81,1
5,161,587,8437.29,1
2,167,608,28714.13,1
1,172,597,6577.91,1
2,173,605,11553.0,1
1,177,598,20738.89,1
1,180,609,31299.13,1
5,185,604,2617.3,1
2,191,582,12058.55,1
2,195,591,6624.22,1
4,204,581,6917.44,1
2,206,606,5987.89,1
5,209,596,15421.1,1
4,210,592,909.54,1
2,8,627,22414.74,1
2,9,615,15865.19,1
4,15,614,2345.0,1
2,18,638,4786.06,1
4,18,626,7022.84,1
4,22,635,5541.28,1
3,23,635,17310.99,1
2,33,626,22482.93,1
3,38,630,13969.77,1
5,39,623,2148.21,1
2,43,617,8578.73,1
4,44,627,6717.36,1
1,46,624,23753.22,1
2,51,618,9146.19,1
4,51,625,5795.0,1
5,53,620,7269.68,1
2,57,611,6567.05,1
3,62,612,614.46,1
2,65,628,5187.86,1
3,66,615,4235.44,1
3,73,620,523.42,1
2,77,635,7105.53,1
1,79,612,9534.14,1
3,79,612,7885.84,1
3,88,633,6318.49,1
5,91,639,4681.52,1
2,93,639,6349.22,1
3,93,620,12773.95,1
1,98,631,6818.42,1
1,100,631,7303.22,1
1,114,639,16085.87,1
2,118,619,18554.44,1
2,129,619,21967.4,1
5,130,625,977.96,1
5,135,634,2413.38,1
5,142,619,588.05,1
4,150,629,4941.62,1
3,152,615,3273.16,1
4,161,614,911.53,1
2,172,631,10619.71,1
1,173,610,12566.11,1
2,177,637,4102.71,1
2,180,628,4315.13,1
2,181,613,8487.21,1
3,185,627,885.06,1
2,188,629,6110.92,1
5,188,623,401.89,1
2,190,615,17295.13,1
1,191,615,15400.03,1
4,204,631,25866.36,1
1,208,611,5000.45,1
2,8,644,25284.42,1
3,15,641,10940.86,1
5,27,646,2807.1,1
2,30,650,4898.21,1
1,43,646,6164.17,1
5,44,668,37102.11,1
2,46,656,12016.68,1
1,51,648,8592.91,1
4,51,654,6183.77,1
1,59,664,6708.01,1
5,66,651,2130.42,1
4,67,669,2591.88,1
2,77,646,6114.84,1
2,86,656,7104.48,1
4,86,645,10793.72,1
1,100,658,68072.67,1
2,101,670,21011.57,1
1,114,643,22907.97,1
4,116,642,5224.19,1
2,118,646,4737.06,1
1,125,640,21228.52,1
3,125,660,1209.88,1
5,126,645,5285.42,1
4,127,656,5496.36,1
1,129,668,15211.01,1
3,130,653,807.31,1
5,141,653,11895.48,1
5,142,643,8106.58,1
4,150,642,5864.01,1
2,167,663,35509.34,1
1,173,670,13087.91,1
1,177,668,38129.92,1
1,180,654,15130.31,1
1,186,648,5230.76,1
3,186,662,10292.37,1
1,188,659,11586.17,1
5,188,654,18088.12,1
2,198,642,4194.29,1
5,202,646,6436.42,1
4,204,643,2962.93,1
2,206,665,10576.71,1
3,210,663,3577.93,1
3,1,681,10108.43,1
5,4,674,5318.55,1
3,6,685,6409.38,1
1,18,689,9348.93,1
3,18,679,5698.3,1
5,22,680,35431.08,1
2,30,676,9935.96,1
5,36,674,421.13,1
4,38,698,12265.08,1
3,39,691,2360.77,1
2,43,691,5257.67,1
3,44,671,1449.25,1
2,46,697,5848.79,1
2,51,683,204907.84,1
5,51,691,13339.04,1
4,53,677,6375.82,1
2,57,680,7327.54,1
3,62,695,842.71,1
2,65,687,41965.47,1
2,77,685,5297.72,1
2,79,686,19937.01,1
4,79,678,6137.03,1
2,86,686,10426.25,1
3,86,682,37108.05,1
4,88,680,5034.22,1
4,91,691,1540.54,1
4,94,686,6775.77,1
2,100,690,19977.91,1
3,109,698,8915.46,1
2,113,691,26918.48,1
2,114,689,7233.06,1
5,116,699,1353.86,1
3,142,680,15714.0,1
4,150,691,1809.73,1
1,177,698,16743.78,1
4,183,681,631.03,1
1,186,672,13945.98,1
3,186,673,7029.78,1
1,188,698,8658.42,1
5,188,673,4811.54,1
2,191,681,4471.56,1
4,204,689,2040.06,1
2,208,692,33160.48,1
5,210,683,19680.22,1
3,1,720,466.27,1
4,6,714,3179.64,1
2,8,720,8654.56,1
1,24,711,13694.08,1
5,27,718,2612.3,1
2,28,706,5799.9,1
1,30,723,31715.22,1
1,33,712,10274.19,1
5,36,721,1071.37,1
1,43,726,11502.58,1
5,44,706,514.33,1
1,46,707,66758.16,1
2,51,723,15814.27,1
3,51,719,26162.93,1
2,57,723,41713.58,1
2,59,706,5252.67,1
3,62,714,2351.71,1
1,65,718,4298.39,1
2,77,706,4974.62,1
4,88,727,6766.75,1
2,93,717,13033.92,1
5,93,703,1895.32,1
2,98,709,4543.39,1
2,100,713,63055.48,1
2,101,715,5192.3,1
3,110,709,3568.58,1
1,113,706,11048.85,1
2,114,712,24867.35,1
2,118,726,23940.96,1
3,127,719,4107.83,1
1,129,731,17108.98,1
5,130,707,2331.84,1
5,135,726,8277.4,1
3,142,711,482.26,1
4,152,718,1762.65,1
5,161,703,1960.63,1
2,172,703,8074.94,1
1,173,702,11239.23,1
2,179,726,9361.33,1
2,180,731,5043.42,1
4,183,711,740.59,1
4,185,730,2889.31,1
2,186,705,84119.1,1
3,186,728,1490.93,1
1,191,726,15325.62,1
1,198,731,29812.37,1
1,208,704,26467.68,1
3,209,711,5462.09,1
5,4,743,2122.29,1
8,4,739,5728.15,1
8,5,741,4574.1,1
3,6,752,2413.78,1
8,6,758,13559.18,1
2,18,735,10153.23,1
5,18,741,1768.55,1
5,27,746,3670.1,1
1,28,743,11332.97,1
2,30,741,18010.39,1
7,30,752,7364.93,1
2,33,737,8225.92,1
7,34,750,27535.7,1
1,37,744,24617.01,1
7,37,749,4565.75,1
7,42,762,11506.83,1
6,45,732,4544.46,1
2,46,754,6491.57,1
2,51,738,29367.91,1
5,51,748,10122.39,1
6,51,734,4546.18,1
3,53,757,2809.72,1
1,57,740,6132.71,1
8,57,735,8169.34,1
2,59,755,4028.44,1
4,62,735,2401.13,1
7,63,758,4499.17,1
2,65,754,8595.26,1
5,66,739,2641.94,1
6,66,749,14605.58,1
6,69,749,6519.0,1
7,70,744,5646.42,1
5,73,734,5181.83,1
2,77,752,10700.63,1
7,77,734,4571.51,1
2,79,743,12043.93,1
5,79,746,3136.75,1
8,81,743,23054.3,1
2,83,741,23299.62,1
7,85,751,7903.03,1
4,88,749,5631.85,1
6,88,743,9090.25,1
3,91,750,1888.77,1
7,91,761,73262.62,1
1,93,761,5534.24,1
5,93,734,15444.02,1
1,106,761,13056.22,1
1,114,754,4820.42,1
6,115,751,5611.52,1
1,118,738,4571.11,1
6,124,757,7678.0,1
2,125,732,15262.13,1
4,125,750,2749.11,1
4,126,736,13610.08,1
7,133,732,6947.42,1
4,135,738,597.58,1
1,139,745,7076.21,1
6,143,743,9316.02,1
3,150,738,1758.88,1
5,152,758,17341.81,1
3,164,745,8924.84,1
1,167,761,7717.01,1
7,168,739,20904.11,1
7,170,753,9188.74,1
2,172,749,10041.87,1
2,173,743,6651.95,1
1,176,748,20447.67,1
1,177,756,26462.3,1
1,179,756,56663.49,1
1,180,758,42513.53,1
1,181,734,5069.42,1
3,185,757,19955.74,1
2,186,749,5289.14,1
5,186,747,3831.08,1
2,188,750,19777.79,1
4,188,759,6329.38,1
2,190,734,4296.6,1
1,198,741,5502.71,1
1,208,737,15155.58,1
3,210,738,1337.0,1
7,5,782,4530.25,1
3,6,790,582.25,1
6,6,782,6047.15,1
6,7,764,7782.56,1
2,8,774,21095.52,1
8,8,786,11648.62,1
2,9,777,17676.4,1
7,14,778,7429.65,1
5,15,772,4464.72,1
3,22,790,726.71,1
2,24,786,5038.27,1
7,24,776,10698.53,1
5,27,766,1257.45,1
2,30,773,9551.4,1
6,30,779,7131.07,1
2,33,770,5350.31,1
6,34,788,34439.45,1
2,37,777,4937.74,1
6,37,779,6571.25,1
4,38,765,2534.01,1
7,38,773,15415.07,1
8,42,780,7591.48,1
1,43,777,5468.73,1
7,43,777,6790.26,1
6,45,788,5518.61,1
2,46,764,9366.61,1
1,51,775,16902.3,1
5,51,773,45536.53,1
7,51,764,5862.88,1
5,53,766,2400.92,1
2,59,775,6088.25,1
1,65,773,9873.35,1
4,66,768,3853.52,1
8,66,765,27221.98,1
8,69,787,7445.0,1
6,70,783,8109.53,1
6,71,776,11232.66,1
8,75,772,6196.34,1
8,81,764,6126.59,1
2,83,789,61602.54,1
7,85,774,29660.4,1
2,86,782,10620.21,1
4,86,784,3345.07,1
4,91,772,2597.39,1
8,91,763,26040.41,1
1,93,765,25413.65,1
4,93,777,634.7,1
4,94,771,34382.04,1
1,113,781,13408.79,1
2,114,780,5667.31,1
3,126,787,9607.85,1
3,127,774,14364.97,1
8,128,789,10073.83,1
6,133,788,44914.13,1
2,139,783,9175.82,1
3,142,773,30154.34,1
8,147,777,10576.75,1
5,150,788,3597.14,1
4,152,784,11242.71,1
4,161,773,4294.18,1
5,164,781,1364.03,1
1,167,768,6095.15,1
1,172,769,19214.13,1
1,173,774,65700.42,1
1,177,773,43063.47,1
6,178,769,4626.29,1
2,179,789,4609.54,1
2,181,766,5651.29,1
4,183,764,1800.93,1
3,185,780,2612.38,1
2,186,771,45707.98,1
4,186,774,2227.19,1
2,188,763,8250.67,1
3,188,771,2845.86,1
1,190,768,44875.51,1
1,195,780,12032.29,1
1,198,777,5700.77,1
1,206,773,15793.72,1
5,209,763,3261.93,1
4,210,780,4396.11,1
4,6,815,7715.49,1
8,6,804,5227.59,1
7,7,817,8958.2,1
2,9,801,17265.45,1
7,14,810,37546.19,1
5,15,814,3205.31,1
8,20,809,9067.06,1
4,22,807,11170.44,1
3,23,793,1978.22,1
1,24,791,19268.86,1
8,24,813,11915.18,1
5,27,792,2302.78,1
1,28,821,5434.6,1
1,30,805,22708.22,1
6,30,821,15566.13,1
5,38,813,500.05,1
8,38,820,7829.0,1
4,39,808,1405.9,1
8,42,821,13435.09,1
4,44,817,577.47,1
5,53,818,1844.49,1
2,59,815,5581.9,1
4,66,820,4150.79,1
8,66,807,7718.65,1
3,67,798,5386.44,1
6,69,806,7033.3,1
7,70,806,5772.93,1
8,75,807,4651.35,1
2,77,795,5618.55,1
8,77,821,17925.37,1
2,83,814,11759.32,1
6,85,817,9097.31,1
1,86,800,5881.03,1
4,86,802,8283.2,1
1,98,814,18801.45,1
6,98,799,5236.14,1
1,101,806,6478.57,1
2,106,802,12274.17,1
3,109,804,939.21,1
5,110,804,4944.78,1
1,114,821,9522.99,1
4,116,806,6970.32,1
6,116,801,80037.4,1
1,118,795,4718.4,1
8,121,805,7188.94,1
2,125,795,13313.07,1
5,125,794,780.65,1
4,126,792,3683.38,1
6,128,820,8645.2,1
2,129,807,10223.98,1
4,130,811,1295.37,1
8,131,814,5830.0,1
2,139,818,6059.37,1
4,142,796,39450.63,1
6,143,791,29129.81,1
7,144,797,5673.02,1
7,146,821,10988.89,1
8,147,805,12685.95,1
5,152,819,2114.17,1
7,156,797,11436.13,1
5,161,811,899.41,1
8,168,804,5145.58,1
7,170,802,8501.32,1
1,172,816,11102.68,1
1,176,796,10175.3,1
7,178,813,5676.22,1
4,183,803,3081.37,1
1,186,819,17322.33,1
5,186,814,19505.25,1
2,190,812,28257.76,1
1,191,810,10270.44,1
7,192,803,7258.57,1
2,195,815,31833.34,1
1,206,817,27901.43,1
5,4,842,2834.02,1
6,4,831,14810.03,1
7,5,850,16445.13,1
6,7,837,6483.39,1
8,14,841,10827.15,1
2,24,844,8689.93,1
8,24,837,16369.48,1
3,27,825,4424.88,1
1,28,828,18594.14,1
1,30,826,51359.16,1
7,30,834,6799.97,1
1,33,848,22340.54,1
7,34,825,9250.94,1
3,36,851,7610.79,1
2,37,840,5129.03,1
8,37,849,16669.38,1
1,43,849,7829.32,1
6,43,839,5745.97,1
8,45,848,14169.92,1
7,49,847,14073.19,1
2,51,851,5139.69,1
3,51,846,660.69,1
7,51,844,10715.73,1
3,53,840,2209.02,1
2,57,825,18781.22,1
7,57,844,15041.28,1
2,59,839,4452.3,1
3,62,834,15197.82,1
7,63,837,4262.24,1
2,65,828,4785.87,1
5,66,823,2936.23,1
7,66,845,11304.96,1
8,69,839,9707.83,1
7,70,830,6111.51,1
3,73,831,1713.68,1
6,75,843,4718.35,1
2,77,845,52742.1,1
7,77,847,12285.43,1
2,79,844,6695.49,1
4,79,835,1170.21,1
1,83,830,12920.31,1
2,86,822,11731.2,1
5,86,843,20924.29,1
5,88,851,6272.23,1
8,88,833,6941.16,1
3,91,830,19527.84,1
7,91,826,5538.08,1
2,93,827,17001.5,1
3,93,827,2282.08,1
3,94,823,5542.38,1
2,100,833,7213.66,1
1,101,845,5687.82,1
1,106,831,27079.43,1
3,109,827,1304.76,1
8,115,826,33830.18,1
1,118,843,5493.16,1
8,124,822,10151.8,1
1,125,833,18500.64,1
3,125,848,2687.48,1
5,126,834,2979.7,1
4,127,833,3273.77,1
8,131,838,33518.54,1
3,135,848,26224.44,1
3,141,824,8153.59,1
7,141,848,33552.63,1
6,156,847,6976.12,1
5,161,849,1247.74,1
7,170,824,22156.32,1
1,176,836,10356.7,1
8,178,845,4530.09,1
1,179,844,20463.21,1
1,180,828,4547.17,1
1,186,843,18945.26,1
3,186,825,1444.42,1
2,188,843,9554.75,1
3,188,844,749.83,1
2,190,841,6628.96,1
1,191,842,24917.65,1
7,192,824,6530.78,1
4,204,840,31000.1,1
1,208,823,39881.06,1
5,210,826,3037.8,1
7,5,865,16839.05,1
6,7,865,13711.99,1
1,9,882,4936.98,1
6,14,867,9039.86,1
5,15,861,19200.22,1
8,20,872,4657.33,1
4,23,877,4682.68,1
4,27,873,20235.52,1
3,36,857,2531.25,1
1,37,854,9137.19,1
8,37,873,54905.39,1
3,38,865,1192.73,1
6,38,878,5179.47,1
8,42,857,10872.26,1
5,44,872,3898.71,1
2,46,873,9590.47,1
1,51,874,6744.71,1
4,51,869,881.11,1
7,51,867,4984.74,1
2,57,876,6079.01,1
8,57,866,11244.04,1
2,59,882,8291.89,1
3,62,864,1574.72,1
7,63,856,6812.03,1
5,66,854,23252.88,1
6,66,863,13445.74,1
3,67,864,2226.05,1
6,69,861,10210.81,1
8,71,858,20598.25,1
4,73,869,6431.73,1
8,75,875,6719.95,1
2,79,869,18255.23,1
4,79,879,12482.94,1
8,81,878,61416.97,1
8,85,868,18014.22,1
1,86,854,6219.9,1
5,86,882,27193.89,1
5,91,870,4362.74,1
6,91,874,7024.51,1
1,98,875,18769.36,1
6,98,862,21981.47,1
1,106,859,11794.46,1
2,113,859,37755.02,1
1,114,869,20138.76,1
8,121,861,6606.13,1
8,124,868,6334.69,1
3,127,860,7355.19,1
2,129,876,22460.19,1
2,139,854,12255.6,1
4,142,855,3342.84,1
7,144,862,7565.65,1
6,156,855,7244.15,1
6,160,858,7247.82,1
1,172,863,9963.62,1
1,176,871,9224.34,1
8,178,866,5236.68,1
2,179,876,15659.11,1
2,181,874,3997.48,1
3,183,855,4556.71,1
3,185,860,1890.6,1
1,188,875,32575.55,1
5,188,859,14350.34,1
1,191,856,13297.72,1
1,198,880,16057.19,1
2,206,868,6417.19,1
2,208,859,12170.6,1
4,1,900,6385.81,1
3,4,905,2045.82,1
6,4,890,6376.06,1
8,7,894,4001.25,1
1,8,898,8794.52,1
6,8,909,8800.38,1
6,14,887,18682.38,1
3,15,910,4198.88,1
7,20,902,8813.07,1
4,22,911,11151.36,1
1,24,888,4781.88,1
6,24,884,16315.85,1
2,30,905,35260.8,1
8,30,912,6027.24,1
3,36,905,13374.61,1
5,38,885,2469.75,1
8,38,911,11190.83,1
5,39,912,1317.6,1
6,41,887,14534.78,1
2,43,888,6520.89,1
8,43,892,7495.17,1
7,49,909,5488.19,1
4,67,911,17705.6,1
7,69,886,9355.64,1
7,70,895,11342.34,1
5,73,883,7069.23,1
7,75,897,4474.64,1
2,77,899,26518.2,1
6,77,905,3924.5,1
2,79,900,14940.75,1
3,79,910,607.73,1
2,83,890,13356.74,1
6,85,901,24718.6,1
2,86,902,9461.21,1
5,86,889,1830.95,1
3,88,900,1922.79,1
6,88,901,35335.06,1
3,91,901,10127.53,1
8,91,901,13648.71,1
2,93,889,9787.13,1
4,93,883,18628.05,1
1,98,896,4941.23,1
6,98,911,5949.24,1
1,100,898,14462.9,1
2,101,892,11095.38,1
2,106,884,9938.25,1
5,116,885,1217.23,1
6,116,904,8944.04,1
1,118,884,16150.62,1
2,125,886,4445.34,1
3,125,901,11403.34,1
5,127,896,5569.04,1
8,128,887,9834.71,1
1,129,894,90203.05,1
3,130,892,1577.65,1
6,131,911,6489.14,1
8,133,909,5642.6,1
3,135,885,484.07,1
2,139,899,22285.07,1
7,144,886,7126.99,1
7,156,903,53997.18,1
7,160,904,38461.15,1
8,168,898,30443.41,1
8,170,910,11191.1,1
1,173,900,13107.07,1
1,179,896,21103.84,1
1,180,912,33954.04,1
4,185,904,3254.82,1
1,190,889,17022.35,1
2,191,893,5866.58,1
8,192,911,10282.28,1
1,195,886,10936.57,1
3,202,899,49355.0,1
8,202,887,8612.82,1
2,208,912,9155.16,1
4,4,943,1184.55,1
6,4,923,25419.93,1
7,5,937,8205.48,1
3,6,923,10558.62,1
6,6,927,9610.37,1
2,8,916,5203.49,1
7,8,923,13561.61,1
2,9,925,12193.38,1
8,14,939,11465.14,1
4,15,929,6806.91,1
1,18,934,25633.59,1
5,18,934,1459.07,1
5,22,923,4077.28,1
1,33,923,13150.14,1
5,38,927,7862.49,1
6,38,940,34928.64,1
3,39,926,978.78,1
8,41,923,8124.15,1
8,42,917,4376.48,1
1,43,926,13936.84,1
7,43,937,4224.04,1
5,44,928,13368.83,1
6,45,931,17620.04,1
6,49,936,9564.39,1
2,57,920,12751.96,1
7,57,936,17053.67,1
3,62,942,2027.75,1
6,63,913,7147.15,1
5,66,918,41836.04,1
7,66,938,5397.41,1
4,67,932,489.11,1
5,73,931,7608.63,1
6,75,924,10488.86,1
2,77,941,6543.95,1
7,77,933,8883.4,1
2,79,913,5200.41,1
5,79,928,44695.76,1
7,81,924,14434.5,1
2,83,923,4907.38,1
8,85,938,16355.86,1
1,86,917,5214.34,1
4,86,925,4120.98,1
1,93,936,92712.97,1
5,93,941,5947.63,1
5,94,938,1179.1,1
2,100,936,31894.45,1
1,101,924,8557.0,1
2,106,942,19777.94,1
2,114,922,5099.74,1
4,116,920,9367.47,1
8,116,934,19949.24,1
8,124,923,13923.09,1
1,125,914,45293.07,1
4,125,926,3297.29,1
4,126,940,9912.5,1
8,128,940,9891.54,1
7,131,916,5916.23,1
4,141,916,3832.92,1
6,141,934,19343.98,1
7,146,934,5806.9,1
7,156,913,35627.16,1
4,161,941,4816.26,1
5,164,942,9388.03,1
2,167,914,4499.74,1
7,168,917,51406.23,1
2,173,926,22766.53,1
7,178,940,4896.24,1
2,180,928,7843.16,1
3,183,923,16211.15,1
4,185,919,1049.9,1
1,186,922,16623.96,1
4,186,926,2113.9,1
2,188,927,5856.89,1
4,188,916,1992.1,1
2,190,931,29548.05,1
8,192,915,5596.69,1
5,204,937,4214.07,1
5,210,926,32688.89,1
5,1,957,1677.75,1
3,4,950,2323.92,1
8,4,964,6517.74,1
6,5,968,7770.51,1
5,6,957,1122.86,1
8,6,951,4838.71,1
6,7,973,8918.83,1
1,24,968,14474.69,1
6,24,954,4758.96,1
5,27,946,8175.34,1
2,33,961,9125.18,1
3,36,961,1513.8,1
7,41,973,9825.13,1
4,44,964,3526.19,1
2,46,953,21472.16,1
7,49,972,12128.97,1
1,51,968,11232.97,1
4,51,948,3767.03,1
8,51,970,4325.32,1
5,53,967,44720.36,1
1,57,969,15126.68,1
6,57,957,44168.68,1
8,63,958,4396.04,1
2,65,947,6502.16,1
5,66,953,17910.04,1
8,66,951,8100.19,1
4,67,949,11247.13,1
7,75,947,10921.65,1
1,77,957,12653.12,1
7,77,953,7038.84,1
7,81,950,13921.35,1
2,86,964,4369.05,1
4,86,971,2870.89,1
4,91,945,2772.16,1
7,91,952,7292.92,1
4,94,947,631.45,1
2,106,963,5562.77,1
2,113,969,36821.1,1
1,114,949,31284.31,1
5,116,959,6287.72,1
8,116,972,33456.65,1
2,118,956,23071.07,1
2,129,973,18351.22,1
8,131,973,38903.84,1
4,135,950,1249.8,1
3,142,953,2848.96,1
8,143,972,12740.0,1
8,144,973,9312.25,1
6,156,970,19892.28,1
8,170,964,4051.54,1
2,172,947,5142.15,1
2,173,957,8546.38,1
5,183,956,1969.65,1
4,185,973,14559.99,1
2,188,974,12490.93,1
5,188,954,2846.02,1
2,195,955,6962.01,1
5,210,972,7606.08,1
3,1,984,3285.2,1
3,4,997,4521.66,1
6,4,993,5610.31,1
2,18,1001,4251.75,1
4,18,1002,2568.66,1
5,22,981,1223.84,1
5,23,999,8587.41,1
5,27,990,4007.69,1
8,34,989,9606.25,1
3,38,1004,663.34,1
7,38,982,101452.03,1
6,41,985,8217.14,1
8,42,975,10574.09,1
2,43,983,9963.48,1
8,43,981,5004.24,1
6,49,993,5572.19,1
1,57,981,7496.65,1
8,57,1001,6040.02,1
8,63,981,38573.09,1
6,70,1004,9687.11,1
7,71,994,23497.15,1
2,83,1004,9682.03,1
5,94,997,3848.63,1
1,98,1004,14196.01,1
7,98,1002,10910.34,1
2,100,996,8145.83,1
5,109,981,5132.66,1
2,114,993,14435.61,1
6,115,978,15562.03,1
5,116,1000,4134.3,1
6,116,995,5152.85,1
2,118,982,15760.41,1
6,124,985,9076.51,1
4,127,999,5680.71,1
4,130,996,4534.2,1
7,131,999,5207.03,1
6,133,975,6292.95,1
7,144,976,12841.11,1
6,146,1004,31235.99,1
6,147,988,9667.93,1
4,152,990,6679.72,1
6,156,1003,5434.01,1
6,160,990,7258.85,1
5,161,981,6731.61,1
5,164,982,3902.82,1
1,167,1001,6569.22,1
7,170,978,6443.61,1
1,172,989,11035.73,1
1,176,984,12301.04,1
1,177,979,21097.27,1
2,179,985,8570.27,1
2,180,996,15354.08,1
1,181,999,5132.0,1
4,183,998,992.41,1
5,185,1003,26671.87,1
1,195,984,7494.29,1
5,204,990,4865.97,1
4,209,988,601.9,1
3,1,1019,2731.35,1
5,4,1016,17387.74,1
6,4,1034,4953.51,1
4,6,1021,2554.56,1
6,6,1012,22533.37,1
8,7,1013,9180.88,1
2,9,1006,13198.5,1
7,14,1032,4336.01,1
3,22,1022,26395.93,1
2,24,1025,5564.06,1
8,24,1018,11145.71,1
4,27,1034,6687.05,1
2,28,1011,11266.53,1
1,33,1020,8142.99,1
3,36,1013,19403.32,1
1,37,1022,5026.12,1
8,37,1017,6658.95,1
6,42,1012,10890.79,1
7,45,1023,5338.3,1
2,46,1026,14123.82,1
6,49,1024,8920.39,1
1,51,1023,23656.49,1
3,51,1035,891.47,1
7,51,1018,13642.1,1
5,53,1021,8036.31,1
2,59,1029,55732.68,1
2,65,1031,36683.96,1
7,71,1033,8413.8,1
6,75,1007,6539.13,1
2,77,1030,11220.84,1
6,77,1005,7128.33,1
2,79,1023,6525.75,1
4,79,1028,20018.61,1
1,83,1027,4931.56,1
7,85,1018,11670.92,1
5,94,1030,1544.11,1
1,100,1007,9249.21,1
5,109,1031,1380.0,1
3,110,1020,9655.88,1
2,113,1013,28627.26,1
6,115,1020,12023.48,1
4,116,1035,3388.31,1
7,116,1005,15799.62,1
2,118,1026,5492.13,1
7,121,1022,4683.79,1
3,127,1008,5483.41,1
3,142,1009,540.88,1
6,144,1025,10479.04,1
6,146,1031,10701.95,1
3,164,1019,9670.43,1
1,167,1027,6728.45,1
7,170,1022,5111.64,1
2,176,1032,29965.02,1
1,179,1021,4148.52,1
2,190,1013,6701.41,1
1,195,1009,12059.39,1
4,204,1023,1366.46,1
2,206,1007,31848.24,1
1,208,1006,62251.97,1
4,209,1027,6119.4,1
4,1,1050,10803.88,1
5,4,1049,3090.35,1
6,4,1061,6517.87,1
7,5,1062,4963.24,1
6,7,1062,5709.74,1
2,8,1053,32791.98,1
7,8,1064,7220.41,1
1,18,1054,4360.07,1
5,18,1058,18373.01,1
2,24,1051,17887.19,1
6,24,1037,11731.28,1
1,28,1036,8756.64,1
1,30,1042,8450.37,1
7,30,1040,6277.94,1
2,33,1062,8802.13,1
5,36,1064,1366.0,1
1,37,1044,8426.27,1
8,37,1045,8048.65,1
3,38,1037,10462.77,1
8,38,1042,8677.25,1
5,39,1055,2422.63,1
6,41,1046,7694.7,1
3,44,1057,3144.34,1
1,46,1045,6165.79,1
8,49,1043,6525.42,1
1,57,1052,11573.55,1
7,57,1054,6665.74,1
5,62,1049,854.28,1
6,63,1055,5584.28,1
5,66,1044,3723.25,1
8,66,1056,12367.62,1
4,67,1054,6297.0,1
7,69,1053,8190.51,1
2,79,1063,14172.42,1
4,79,1062,640.13,1
2,83,1041,6405.91,1
1,86,1041,11728.05,1
3,86,1051,6381.2,1
4,109,1036,1013.78,1
1,114,1058,11439.78,1
3,116,1063,2681.46,1
6,116,1046,8014.96,1
1,118,1039,7698.1,1
2,125,1065,6405.03,1
4,125,1048,1558.12,1
4,126,1041,37628.97,1
6,128,1055,36312.53,1
5,130,1060,3309.26,1
6,133,1044,7910.4,1
7,147,1047,7948.62,1
4,150,1046,12562.88,1
5,152,1054,1789.88,1
6,156,1049,5568.06,1
3,161,1052,8830.83,1
5,164,1056,9571.65,1
2,172,1064,65931.91,1
1,176,1058,11775.32,1
1,177,1051,6526.42,1
7,178,1038,5943.57,1
1,179,1065,12255.33,1
2,180,1064,13006.14,1
3,183,1043,538.49,1
2,188,1055,11476.95,1
4,188,1058,3754.81,1
1,191,1057,5151.8,1
6,192,1042,6592.9,1
2,195,1047,13066.07,1
2,198,1042,15860.36,1
4,202,1060,2071.68,1
8,202,1042,4419.59,1
5,204,1050,5807.66,1
1,206,1060,5089.16,1
6,5,1078,4906.39,1
3,6,1080,9131.36,1
6,6,1086,17997.26,1
6,7,1067,21909.77,1
2,8,1096,27171.56,1
8,8,1096,15774.06,1
4,15,1074,3388.49,1
2,18,1077,10174.16,1
3,18,1096,1670.62,1
7,20,1071,9046.28,1
5,22,1096,810.17,1
2,24,1071,12020.24,1
7,24,1074,8038.13,1
5,27,1094,7049.06,1
2,28,1083,6426.68,1
1,30,1078,6613.65,1
6,30,1088,32998.44,1
5,36,1078,14584.35,1
8,41,1076,5237.02,1
7,42,1080,7583.7,1
4,44,1073,3270.04,1
2,46,1084,7670.94,1
6,49,1070,13661.95,1
4,62,1078,5279.44,1
2,65,1081,98175.9,1
5,66,1094,6791.17,1
7,66,1093,26532.9,1
8,70,1069,10560.24,1
5,88,1083,3016.81,1
6,88,1087,5515.92,1
2,93,1075,68701.54,1
4,93,1091,1982.83,1
2,98,1092,10883.85,1
6,98,1071,25840.96,1
1,101,1087,37267.23,1
2,106,1067,4508.31,1
1,113,1084,9042.21,1
2,114,1091,5846.42,1
1,118,1081,4807.19,1
6,121,1067,33198.6,1
7,124,1080,14507.8,1
5,127,1091,16052.43,1
7,128,1088,6480.87,1
8,133,1096,10829.55,1
5,135,1088,6449.33,1
3,142,1094,4774.98,1
8,143,1076,4103.83,1
6,156,1086,6367.19,1
6,160,1085,5449.95,1
5,161,1088,1483.45,1
5,164,1083,913.31,1
1,167,1081,8104.43,1
8,168,1093,7910.71,1
8,178,1088,30591.31,1
4,185,1096,1378.18,1
1,190,1084,7645.62,1
1,191,1082,15495.0,1
8,192,1087,4728.66,1
2,195,1072,23107.8,1
5,202,1074,15518.57,1
8,202,1070,13325.69,1
4,204,1081,25740.25,1
1,206,1084,11185.13,1
2,208,1082,12519.16,1
4,209,1075,7462.72,1
4,210,1088,7731.71,1
8,5,1106,35924.99,1
8,7,1110,37096.32,1
2,8,1107,10063.89,1
6,8,1112,11397.38,1
7,14,1099,6857.99,1
9,14,1110,44483.45,1
3,15,1105,2257.13,1
9,15,1115,69764.66,1
2,18,1119,7237.35,1
3,18,1111,704.33,1
10,18,1126,27911.37,1
3,22,1105,686.7,1
9,22,1105,34333.05,1
3,23,1097,4717.53,1
9,23,1119,51337.39,1
4,27,1105,51083.46,1
2,28,1109,6942.14,1
9,31,1107,366610.29,1
1,33,1109,9105.41,1
6,34,1124,10051.04,1
9,35,1099,69608.95,1
4,38,1108,1302.86,1
6,38,1107,4423.86,1
3,39,1097,2357.27,1
8,42,1119,12692.52,1
10,42,1117,70536.39,1
2,43,1120,10925.98,1
6,43,1118,6886.82,1
9,43,1102,25991.89,1
3,44,1119,13745.02,1
8,49,1124,6922.33,1
4,53,1121,3862.56,1
1,57,1109,4306.49,1
6,57,1127,27496.47,1
3,62,1126,1651.2,1
7,63,1108,12269.63,1
10,63,1110,55586.67,1
10,68,1109,51600.97,1
6,69,1124,5788.24,1
10,69,1119,30182.32,1
5,73,1116,970.59,1
10,74,1101,80829.34,1
7,75,1110,5300.14,1
1,77,1115,20740.78,1
6,77,1120,5915.88,1
10,77,1102,28777.64,1
8,85,1110,9620.29,1
3,88,1098,3010.4,1
8,88,1115,10707.06,1
4,91,1103,10343.5,1
6,91,1102,4579.58,1
1,93,1123,7868.06,1
3,93,1098,14594.97,1
10,93,1122,160653.35,1
1,98,1097,7015.51,1
7,98,1100,14395.24,1
2,101,1115,6881.48,1
1,106,1106,14568.79,1
1,114,1097,14843.09,1
4,116,1103,1106.56,1
8,116,1125,5342.82,1
2,118,1104,13950.4,1
9,120,1108,31927.51,1
9,122,1098,26879.95,1
8,124,1120,10343.92,1
1,125,1106,4699.83,1
3,125,1126,967.32,1
4,130,1112,1276.98,1
8,131,1127,8659.58,1
8,133,1126,9462.98,1
10,137,1097,21949.67,1
3,142,1097,8909.71,1
9,142,1119,175596.31,1
6,143,1125,9920.55,1
7,144,1109,6298.07,1
8,146,1123,8451.27,1
5,152,1105,2931.69,1
7,156,1127,8573.33,1
7,160,1119,24646.87,1
10,162,1102,47380.43,1
5,164,1127,6814.16,1
10,166,1106,47200.1,1
2,167,1125,10340.6,1
10,167,1115,22903.98,1
2,173,1105,12108.43,1
2,177,1110,20504.51,1
9,177,1105,90412.63,1
8,178,1120,43533.62,1
10,178,1120,65268.49,1
1,180,1123,13070.43,1
4,183,1116,652.25,1
5,185,1126,4374.54,1
2,188,1104,17762.69,1
4,188,1125,9886.32,1
9,188,1117,291660.27,1
7,192,1115,9930.16,1
10,199,1116,37522.72,1
4,202,1114,16384.34,1
7,202,1125,23937.83,1
9,202,1103,68241.88,1
3,204,1103,580.88,1
10,204,1106,48099.9,1
2,206,1108,9569.09,1
10,206,1103,636234.67,1
1,208,1112,14117.44,1
4,209,1119,1803.95,1
5,210,1121,1618.33,1
4,4,1145,916.48,1
6,4,1132,12614.5,1
9,4,1150,38772.56,1
6,5,1153,6522.2,1
5,6,1155,809.37,1
8,6,1150,13356.49,1
6,7,1133,7718.32,1
2,8,1153,39533.66,1
6,8,1152,29731.89,1
2,9,1152,32060.63,1
8,14,1150,8456.6,1
10,14,1150,34887.95,1
4,15,1147,4199.82,1
10,15,1155,20475.09,1
7,20,1131,5093.16,1
10,20,1128,52933.71,1
4,23,1138,10338.17,1
9,23,1152,20347.9,1
2,28,1148,9485.14,1
9,31,1131,34876.64,1
4,36,1139,2413.72,1
9,36,1137,22320.37,1
1,37,1141,7942.75,1
7,37,1145,6493.94,1
4,38,1146,1012.73,1
7,38,1151,7781.97,1
4,44,1149,15337.59,1
2,46,1141,5062.36,1
8,49,1130,14980.97,1
1,51,1134,5623.87,1
4,51,1130,7310.75,1
7,51,1134,14115.75,1
9,52,1139,47652.29,1
4,53,1133,2964.77,1
7,70,1152,142706.68,1
5,73,1131,5452.18,1
10,74,1147,34747.36,1
7,81,1154,23609.02,1
2,86,1129,5547.53,1
5,86,1129,25400.02,1
3,88,1131,16967.37,1
6,88,1149,16978.36,1
1,93,1130,20225.74,1
3,93,1151,1441.43,1
9,93,1148,24570.48,1
5,94,1135,449.28,1
2,101,1153,108488.61,1
1,106,1138,7011.16,1
10,107,1149,27529.87,1
4,109,1143,2326.02,1
3,110,1153,7174.77,1
4,116,1129,17885.09,1
7,116,1138,26922.52,1
1,118,1137,12480.2,1
8,121,1136,32416.43,1
7,124,1152,7944.84,1
6,128,1146,8199.66,1
2,129,1151,11532.24,1
6,133,1139,7915.66,1
3,135,1139,815.9,1
10,138,1132,68389.16,1
4,142,1144,632.48,1
9,142,1132,88923.59,1
9,145,1151,32874.5,1
7,146,1132,5120.92,1
7,147,1133,18805.54,1
10,147,1146,31505.12,1
5,150,1137,17022.67,1
9,151,1152,27942.67,1
5,152,1150,2060.86,1
10,162,1142,119453.57,1
5,164,1153,13591.89,1
9,165,1147,39166.25,1
2,167,1133,4319.66,1
10,167,1143,58123.67,1
2,172,1131,18783.43,1
9,174,1130,35460.48,1
2,177,1147,12341.7,1
10,177,1153,87844.43,1
1,179,1153,9410.88,1
2,180,1144,39080.05,1
1,181,1135,55492.96,1
9,182,1135,44958.21,1
3,183,1144,15231.36,1
3,185,1133,562.15,1
2,188,1137,10497.74,1
3,188,1134,1212.93,1
9,188,1136,30683.04,1
1,191,1138,6616.06,1
6,192,1130,15462.55,1
10,193,1146,50920.16,1
1,195,1131,13237.51,1
9,199,1130,41110.21,1
4,202,1128,7244.34,1
6,202,1130,17256.5,1
10,202,1140,38872.12,1
9,203,1147,50942.74,1
5,204,1146,3772.77,1
9,204,1142,59317.16,1
2,208,1143,12146.37,1
5,1,1170,15342.85,1
5,4,1161,8054.77,1
7,4,1165,9183.63,1
9,4,1156,27838.51,1
3,6,1157,534.25,1
7,6,1178,10046.92,1
6,7,1163,12062.06,1
2,9,1172,11223.77,1
2,18,1163,5775.23,1
3,18,1166,4761.34,1
10,18,1186,28859.13,1
2,28,1174,22241.4,1
10,31,1181,23860.7,1
2,33,1176,6188.45,1
7,34,1169,5109.08,1
10,35,1172,38956.88,1
4,36,1177,6185.64,1
10,36,1184,35696.47,1
1,37,1167,14880.42,1
7,37,1181,10708.85,1
4,39,1184,823.11,1
6,41,1178,7630.91,1
9,41,1184,22901.99,1
6,42,1177,8314.67,1
9,42,1178,81622.15,1
2,43,1164,13918.21,1
8,43,1171,6448.99,1
10,43,1176,52654.28,1
3,44,1168,8153.1,1
6,45,1181,8730.19,1
7,49,1181,5959.76,1
10,52,1173,36854.93,1
5,53,1167,1520.63,1
9,54,1159,50320.65,1
4,62,1176,3781.26,1
3,67,1173,5536.95,1
8,69,1169,16286.65,1
9,69,1162,98317.12,1
7,71,1170,5764.07,1
10,74,1183,21215.65,1
6,75,1165,5526.31,1
1,79,1177,10345.92,1
5,79,1163,1216.91,1
2,83,1162,15765.92,1
6,85,1176,7899.47,1
3,88,1178,5485.4,1
8,88,1165,5471.1,1
2,93,1157,8756.81,1
5,93,1178,3305.46,1
9,93,1178,39445.73,1
4,94,1184,5730.11,1
1,98,1156,7124.72,1
6,98,1171,5737.64,1
2,101,1177,16686.04,1
2,113,1175,10823.23,1
1,114,1178,4811.37,1
6,115,1168,16873.16,1
6,121,1184,13801.66,1
10,122,1183,28842.13,1
2,125,1170,5023.24,1
4,125,1182,19177.2,1
7,128,1178,8614.08,1
1,129,1162,6546.23,1
8,133,1167,6361.64,1
3,135,1173,8335.59,1
9,137,1170,36350.42,1
5,141,1176,45828.81,1
7,141,1160,4513.06,1
10,141,1159,34992.78,1
8,143,1170,6093.55,1
8,147,1156,22696.29,1
9,147,1161,80043.17,1
7,160,1159,10696.9,1
3,161,1185,18202.7,1
10,162,1164,49903.88,1
9,165,1163,119433.85,1
2,167,1160,7387.32,1
9,167,1180,58609.44,1
1,172,1162,14547.18,1
1,173,1186,12975.93,1
10,174,1184,20733.1,1
1,177,1185,20812.85,1
9,177,1163,24597.4,1
7,178,1166,15995.98,1
10,178,1166,26485.34,1
1,179,1169,18567.25,1
1,180,1184,8198.57,1
10,182,1161,30817.79,1
4,185,1166,30251.21,1
2,186,1159,7161.58,1
5,186,1183,10205.04,1
1,188,1175,13368.95,1
5,188,1158,6590.23,1
10,188,1186,20897.86,1
1,190,1182,5068.1,1
9,190,1170,83505.69,1
1,191,1171,5468.55,1
10,193,1180,27532.83,1
1,195,1179,16988.76,1
5,202,1163,16433.89,1
7,202,1160,6186.76,1
9,202,1158,32692.97,1
10,203,1156,21691.72,1
9,207,1159,98602.17,1
5,209,1173,5151.6,1
3,210,1182,2518.73,1
5,1,1201,1262.07,1
7,5,1197,16689.53,1
2,8,1192,29193.2,1
8,8,1201,8422.07,1
1,9,1200,7168.62,1
8,14,1212,22910.64,1
9,14,1188,40726.36,1
4,15,1210,2646.41,1
9,15,1192,46093.4,1
5,23,1194,14824.88,1
9,23,1190,41894.46,1
1,24,1207,14487.18,1
6,24,1209,10254.1,1
10,24,1198,86959.41,1
4,27,1188,14757.18,1
2,30,1200,5525.59,1
6,30,1202,11284.12,1
10,30,1214,76762.46,1
10,31,1193,32920.74,1
6,34,1196,7660.44,1
10,35,1196,23273.79,1
4,39,1192,1299.81,1
7,41,1199,4742.72,1
9,41,1203,79370.87,1
5,44,1188,1553.93,1
10,52,1198,158777.04,1
4,53,1214,16970.02,1
1,59,1190,9130.13,1
6,63,1208,8140.78,1
9,63,1191,54787.98,1
9,68,1195,44368.87,1
8,69,1202,8184.47,1
10,69,1211,50991.17,1
6,70,1206,6939.31,1
6,71,1207,12616.97,1
9,74,1211,26409.7,1
1,79,1193,7664.98,1
5,79,1216,9327.93,1
6,85,1187,168817.25,1
1,86,1191,5186.34,1
3,86,1204,1772.2,1
5,88,1207,15321.25,1
7,88,1206,4654.35,1
5,91,1191,1963.67,1
7,91,1206,5493.72,1
5,94,1205,3391.2,1
1,100,1195,5170.4,1
10,100,1211,43879.8,1
2,101,1203,12828.47,1
2,106,1212,8170.18,1
4,109,1206,4391.94,1
1,114,1194,8655.33,1
5,116,1193,2491.1,1
6,116,1216,9204.79,1
10,122,1202,24978.06,1
2,125,1216,11426.57,1
4,125,1194,4413.81,1
6,128,1188,21969.74,1
2,129,1210,5159.21,1
4,130,1192,1878.2,1
7,131,1205,12266.07,1
6,133,1210,12771.15,1
4,135,1189,1911.96,1
10,137,1205,26483.9,1
9,138,1212,82104.03,1
2,139,1202,36284.51,1
5,141,1193,13607.46,1
6,141,1216,22991.99,1
10,141,1194,60415.77,1
5,142,1198,6118.4,1
10,142,1202,96094.85,1
6,143,1206,19475.85,1
9,145,1199,50044.6,1
7,146,1191,13777.22,1
4,150,1200,3482.34,1
10,151,1211,30894.66,1
3,152,1210,5765.81,1
7,160,1211,7151.36,1
10,162,1214,22001.72,1
5,164,1202,9190.35,1
10,165,1211,29569.97,1
10,166,1204,20595.08,1
2,167,1202,9430.4,1
10,167,1215,25882.71,1
6,170,1203,13204.88,1
10,170,1216,90137.33,1
2,172,1201,15601.78,1
10,174,1205,54766.32,1
2,176,1214,4925.17,1
7,178,1202,9632.78,1
9,178,1215,64989.93,1
1,181,1190,4085.63,1
4,183,1198,4039.73,1
1,186,1196,22790.34,1
5,186,1215,559.15,1
1,198,1194,12778.55,1
10,199,1215,29089.15,1
5,202,1207,3156.49,1
8,202,1204,7557.37,1
10,202,1214,49628.58,1
2,208,1193,43590.02,1
3,209,1210,3182.91,1
4,210,1212,7670.39,1
3,1,1244,22992.06,1
4,4,1245,2200.32,1
7,4,1234,4996.26,1
10,4,1220,38198.65,1
6,5,1219,16464.94,1
4,6,1244,1638.82,1
7,6,1223,6829.15,1
2,9,1238,6228.82,1
7,20,1229,16362.58,1
9,20,1220,59554.81,1
5,22,1242,13622.87,1
9,22,1245,26157.91,1
5,23,1219,4403.01,1
9,23,1231,30477.21,1
1,24,1224,6811.31,1
8,24,1217,11559.48,1
10,24,1227,39716.16,1
4,27,1230,1677.41,1
1,28,1218,10025.19,1
2,30,1240,7643.61,1
7,30,1218,15916.37,1
9,30,1229,43248.93,1
1,33,1234,17323.35,1
8,34,1226,6564.85,1
5,36,1228,19612.49,1
9,36,1247,129887.97,1
2,43,1234,7444.57,1
6,43,1221,11775.79,1
9,43,1223,37731.05,1
5,44,1231,1419.25,1
1,46,1224,6732.62,1
2,51,1243,23654.27,1
3,51,1226,7164.49,1
8,51,1227,9889.8,1
9,52,1221,21777.41,1
5,53,1224,3872.44,1
10,54,1217,25458.71,1
1,59,1217,21115.44,1
4,62,1223,6550.2,1
3,67,1231,1334.05,1
10,68,1231,45217.19,1
6,69,1225,23185.91,1
9,69,1230,66151.98,1
7,70,1224,6248.7,1
6,71,1235,11147.72,1
9,74,1242,87675.08,1
2,77,1234,4860.68,1
8,77,1226,6584.76,1
10,77,1240,34173.7,1
1,79,1220,16501.24,1
5,79,1242,43059.03,1
8,81,1241,32883.63,1
9,87,1246,44152.83,1
2,93,1243,21822.42,1
4,93,1235,10227.98,1
9,93,1237,29617.04,1
2,100,1238,9981.97,1
10,100,1239,465422.03,1
1,101,1245,18962.0,1
5,109,1227,6453.18,1
4,110,1223,21913.59,1
4,116,1218,979.76,1
7,116,1244,12397.86,1
7,121,1239,23797.71,1
9,122,1237,472613.08,1
7,124,1240,5395.28,1
1,125,1246,5085.38,1
5,125,1231,453.94,1
4,127,1229,23393.06,1
7,128,1239,14993.63,1
1,129,1221,11993.14,1
4,130,1230,2689.04,1
5,135,1242,61529.36,1
10,138,1224,22770.29,1
5,141,1246,9650.2,1
6,141,1238,4823.96,1
9,141,1229,32135.44,1
3,142,1217,8908.52,1
9,142,1247,53823.13,1
9,145,1245,27283.31,1
7,147,1233,26520.63,1
10,147,1227,91956.23,1
6,160,1243,8810.8,1
3,161,1246,3503.07,1
10,162,1235,33253.06,1
9,165,1217,31197.35,1
6,168,1228,18138.91,1
9,168,1234,27725.17,1
7,170,1247,7330.44,1
10,170,1219,36000.96,1
2,172,1239,12408.13,1
2,173,1240,9518.0,1
9,174,1228,29757.75,1
1,176,1243,29240.6,1
9,182,1222,49769.72,1
4,185,1238,7007.12,1
1,186,1243,22860.28,1
4,186,1242,24836.26,1
1,188,1221,8988.55,1
5,188,1244,1377.8,1
9,188,1229,50632.01,1
7,192,1243,6571.49,1
2,195,1219,41010.51,1
9,199,1228,110379.98,1
3,202,1235,13581.84,1
6,202,1234,11105.6,1
10,202,1247,122077.15,1
5,209,1230,564.43,1
4,210,1224,493.7,1
3,6,1254,8740.12,1
6,6,1255,5473.25,1
1,8,1264,13134.74,1
6,8,1273,14746.9,1
7,14,1250,22489.94,1
10,14,1271,30604.9,1
3,15,1272,23413.82,1
10,15,1272,23281.93,1
2,18,1275,5459.67,1
3,18,1276,4728.99,1
9,18,1275,30620.36,1
5,23,1271,22528.08,1
9,23,1265,53806.22,1
1,24,1252,5965.96,1
7,24,1268,6411.17,1
10,24,1269,21282.33,1
4,27,1267,1310.43,1
2,30,1269,8158.94,1
7,30,1270,4813.6,1
9,30,1263,71463.62,1
4,39,1275,1256.76,1
7,41,1261,16748.55,1
9,41,1258,21204.43,1
7,42,1252,20224.77,1
9,42,1275,43981.81,1
1,43,1275,6450.82,1
7,43,1265,18027.88,1
9,43,1276,34195.08,1
4,44,1262,2007.51,1
2,46,1251,5370.44,1
2,51,1266,6308.73,1
3,51,1256,23541.51,1
8,51,1276,17014.02,1
10,52,1274,26098.07,1
1,57,1254,5181.7,1
8,57,1269,33867.44,1
7,63,1250,13946.39,1
9,63,1266,45155.37,1
4,66,1270,853.03,1
8,66,1265,4497.66,1
10,66,1270,23772.8,1
6,69,1261,6469.11,1
9,69,1249,72003.69,1
5,73,1249,2398.36,1
10,74,1264,33427.73,1
6,75,1251,7376.78,1
2,77,1252,29842.53,1
6,77,1248,5469.76,1
10,77,1250,45182.79,1
2,79,1253,18748.72,1
4,79,1261,16985.46,1
6,81,1248,19060.61,1
6,85,1276,5599.34,1
9,87,1273,38491.52,1
1,106,1272,5837.18,1
9,107,1265,29371.93,1
2,114,1274,19477.61,1
4,116,1250,1410.89,1
7,116,1276,5746.83,1
1,118,1259,27862.99,1
7,121,1249,21972.29,1
8,124,1272,7867.26,1
2,129,1259,26515.2,1
5,130,1267,31830.44,1
6,131,1250,4467.82,1
8,133,1267,9129.98,1
10,138,1276,48781.6,1
1,139,1271,8181.4,1
5,142,1250,3903.19,1
9,142,1253,32632.46,1
9,151,1266,19670.39,1
3,152,1273,2390.92,1
6,156,1248,9158.27,1
4,161,1259,47572.61,1
9,165,1264,23058.25,1
7,168,1248,12297.22,1
9,168,1272,124891.24,1
1,173,1276,29895.0,1
1,176,1248,11403.32,1
7,178,1257,13127.44,1
10,178,1259,156689.68,1
2,179,1251,4332.98,1
4,183,1274,30329.67,1
3,185,1251,10697.69,1
2,186,1260,5623.71,1
4,186,1271,1708.16,1
1,191,1252,26550.96,1
1,198,1270,14389.91,1
9,199,1253,147256.43,1
4,202,1252,13310.3,1
6,202,1272,10227.5,1
10,202,1252,108588.15,1
9,207,1268,63475.64,1
4,210,1249,1968.29,1
6,5,1300,8818.64,1
6,7,1295,23842.21,1
1,8,1279,17429.79,1
8,8,1304,12242.98,1
2,9,1287,26159.51,1
5,15,1294,7282.01,1
9,15,1288,84029.02,1
8,20,1297,5889.4,1
9,20,1290,37747.93,1
4,27,1306,7084.49,1
10,31,1279,31352.6,1
6,34,1294,30744.61,1
4,36,1281,8457.88,1
10,36,1301,22918.18,1
1,37,1289,14110.87,1
7,37,1287,17071.48,1
2,43,1293,7314.78,1
8,43,1292,18367.23,1
10,43,1279,52092.54,1
7,45,1289,7393.03,1
7,49,1306,9709.79,1
1,51,1305,13211.33,1
5,51,1299,2647.16,1
8,51,1298,4722.7,1
10,52,1278,42699.88,1
10,54,1282,39091.77,1
1,57,1300,4888.01,1
8,57,1302,42330.37,1
1,65,1287,5948.8,1
4,66,1280,1280.97,1
8,66,1290,5364.95,1
10,66,1307,479349.71,1
9,68,1304,21802.21,1
6,71,1298,12814.48,1
9,74,1308,88530.2,1
3,88,1307,4892.09,1
7,88,1287,16576.58,1
1,93,1282,9094.88,1
4,93,1285,1449.0,1
10,93,1278,75111.06,1
2,101,1294,49537.86,1
1,106,1304,7196.18,1
10,107,1304,29530.94,1
1,114,1284,19081.21,1
6,115,1302,19667.08,1
9,122,1305,25803.1,1
8,124,1286,9197.98,1
5,127,1287,10865.69,1
1,129,1289,8557.42,1
6,133,1308,8132.46,1
10,137,1285,65281.33,1
10,138,1284,91467.63,1
2,139,1281,9628.98,1
3,141,1278,19831.68,1
7,141,1278,4671.71,1
9,141,1282,38943.06,1
7,144,1305,6935.33,1
10,145,1286,25485.19,1
7,146,1301,8111.1,1
5,150,1293,814.83,1
10,151,1287,33591.64,1
3,152,1297,6171.08,1
7,156,1287,6121.73,1
8,160,1296,13409.58,1
4,164,1303,10446.23,1
9,165,1303,32861.71,1
9,166,1290,101579.25,1
2,167,1301,12784.77,1
10,167,1289,42419.97,1
8,168,1292,8837.43,1
10,168,1278,36535.98,1
10,174,1299,45536.75,1
8,178,1307,7583.2,1
9,178,1288,31080.87,1
1,181,1298,15572.73,1
10,182,1285,33530.94,1
5,183,1293,1152.2,1
1,186,1295,16641.51,1
5,186,1288,1800.57,1
2,188,1291,8317.62,1
4,188,1281,4430.16,1
9,188,1293,143395.68,1
2,190,1291,5211.71,1
10,190,1294,34092.41,1
10,193,1285,33675.15,1
1,195,1284,14254.28,1
9,199,1293,38678.39,1
3,202,1303,5111.28,1
7,202,1289,6361.33,1
10,202,1293,94005.27,1
9,203,1299,23845.13,1
5,204,1284,1422.52,1
10,204,1281,30700.73,1
2,206,1307,72617.72,1
9,206,1299,54760.73,1
9,207,1305,23587.76,1
4,209,1290,63171.03,1
3,210,1294,27813.8,1
3,1,1321,6062.1,1
4,4,1336,12870.55,1
7,4,1318,9615.15,1
9,4,1336,33090.46,1
6,5,1319,4971.81,1
4,6,1312,3797.18,1
7,6,1339,20568.05,1
8,7,1335,4904.64,1
5,15,1322,2015.4,1
9,15,1336,25146.95,1
1,18,1334,12418.98,1
4,18,1330,29074.19,1
10,18,1322,25656.96,1
4,22,1315,2908.1,1
9,22,1332,33246.94,1
5,23,1331,13932.53,1
10,23,1337,40374.51,1
1,24,1338,4891.35,1
6,24,1328,4305.23,1
10,24,1312,63015.01,1
5,27,1329,2481.22,1
9,31,1312,36837.18,1
1,33,1312,15794.4,1
7,34,1329,12512.71,1
2,37,1318,10194.17,1
6,37,1338,12256.54,1
5,38,1315,930.54,1
8,38,1325,4156.52,1
3,39,1337,2172.95,1
8,42,1324,8376.85,1
9,42,1316,24455.59,1
1,43,1322,5132.06,1
6,43,1328,17432.43,1
10,43,1320,58635.4,1
6,49,1338,8775.31,1
5,53,1321,1958.41,1
1,59,1323,4439.19,1
1,65,1334,20253.43,1
3,67,1321,2073.76,1
9,68,1324,29661.8,1
8,69,1323,21896.57,1
10,69,1331,59813.59,1
8,71,1311,8464.69,1
3,73,1336,8037.57,1
10,74,1316,32883.67,1
1,79,1316,19888.99,1
5,79,1323,2829.11,1
7,81,1320,7652.57,1
2,83,1309,5103.36,1
8,85,1322,10164.97,1
9,87,1324,31360.56,1
1,93,1319,7358.57,1
4,93,1322,4421.78,1
10,93,1316,39262.83,1
2,98,1321,9477.04,1
8,98,1318,5839.56,1
2,100,1313,20588.54,1
10,100,1317,25047.91,1
1,101,1311,33204.26,1
1,106,1327,48930.69,1
9,107,1319,31376.37,1
2,114,1338,8037.44,1
8,115,1317,42908.76,1
3,116,1334,2837.67,1
7,116,1328,19995.56,1
1,118,1311,5998.83,1
1,125,1339,17069.59,1
4,125,1316,2209.68,1
4,127,1338,5921.49,1
3,130,1334,1140.85,1
5,142,1327,10699.93,1
9,142,1310,27915.83,1
7,143,1327,26681.41,1
7,146,1319,16786.52,1
5,150,1324,449.5,1
8,156,1314,27789.95,1
4,161,1330,7049.36,1
9,162,1309,52690.88,1
1,167,1311,23390.88,1
9,167,1335,24589.28,1
7,168,1318,5015.34,1
10,168,1331,47915.48,1
7,170,1335,17722.46,1
9,170,1336,27193.8,1
1,173,1330,20990.06,1
9,174,1311,44641.79,1
3,185,1317,3419.65,1
1,188,1335,6468.46,1
4,188,1324,25781.5,1
9,188,1322,28848.1,1
2,190,1330,7194.69,1
10,190,1335,30465.54,1
1,191,1311,27043.23,1
9,193,1331,30688.56,1
5,202,1313,2548.05,1
7,202,1313,23039.28,1
10,202,1325,194445.27,1
4,204,1317,2568.66,1
9,204,1330,27212.0,1
1,206,1339,16088.24,1
9,206,1323,44120.44,1
10,207,1314,94851.64,1
4,210,1316,3845.17,1
5,1,1363,40065.37,1
4,4,1349,7094.24,1
7,4,1347,10735.31,1
10,4,1352,31521.48,1
6,5,1353,19098.81,1
5,6,1362,12326.07,1
7,6,1366,7586.64,1
8,7,1348,9279.57,1
1,8,1353,42840.55,1
8,8,1363,4792.58,1
2,9,1349,15777.01,1
4,15,1352,1404.12,1
10,15,1363,30892.04,1
7,20,1364,10355.55,1
9,20,1354,60270.32,1
2,24,1344,21994.56,1
6,24,1365,5318.64,1
10,24,1345,21506.99,1
3,27,1353,658.39,1
1,28,1361,5537.55,1
2,30,1364,32845.75,1
7,30,1368,7914.03,1
9,30,1364,26694.79,1
10,31,1369,29627.51,1
8,34,1347,5820.88,1
5,36,1363,6238.22,1
10,36,1359,37347.88,1
1,37,1342,7036.59,1
8,37,1368,6128.2,1
5,39,1351,6251.19,1
7,42,1358,4725.31,1
9,42,1347,34747.17,1
4,44,1356,10722.06,1
6,45,1350,13187.84,1
2,46,1341,37062.1,1
1,51,1352,5878.53,1
5,51,1350,6012.23,1
6,51,1340,38451.48,1
10,52,1353,38562.41,1
10,54,1362,42028.3,1
2,57,1341,7564.19,1
6,57,1362,8875.28,1
2,59,1340,4955.19,1
5,62,1351,1079.23,1
8,63,1351,8135.72,1
9,63,1363,32912.61,1
6,69,1356,38896.11,1
10,69,1340,20011.6,1
8,70,1365,6882.5,1
2,77,1355,15766.11,1
7,77,1362,10174.79,1
10,77,1369,48661.32,1
1,79,1367,8219.82,1
3,79,1363,5940.43,1
7,85,1355,10435.45,1
2,86,1357,21485.68,1
3,86,1369,483.17,1
9,87,1367,78302.79,1
4,88,1365,2264.37,1
8,88,1343,13810.75,1
1,93,1351,18311.09,1
4,93,1354,671.35,1
10,93,1357,94951.2,1
3,94,1362,4364.44,1
1,100,1368,11453.97,1
9,100,1363,30904.98,1
1,106,1360,5134.89,1
10,107,1345,31459.49,1
3,109,1349,2425.69,1
2,113,1358,12244.36,1
4,127,1350,14505.63,1
2,129,1367,4505.45,1
7,131,1358,11200.02,1
6,133,1358,8513.76,1
9,137,1357,23881.93,1
9,138,1365,54951.79,1
2,139,1357,4242.81,1
5,141,1354,32647.31,1
8,141,1368,6187.2,1
10,141,1367,34449.71,1
4,142,1343,3357.6,1
9,142,1340,69508.83,1
6,143,1365,5999.82,1
7,144,1346,8503.19,1
9,145,1342,53429.15,1
8,147,1368,10543.78,1
9,147,1367,118711.92,1
6,156,1345,8391.85,1
7,160,1342,8786.26,1
3,161,1343,24471.96,1
10,162,1350,37137.11,1
10,166,1368,41190.09,1
2,167,1366,10369.29,1
10,167,1350,22906.07,1
6,168,1347,5269.73,1
10,168,1361,56705.68,1
2,173,1345,10889.98,1
9,174,1351,23028.96,1
2,176,1359,13261.45,1
2,177,1349,5606.07,1
10,177,1359,28797.41,1
6,178,1356,4744.16,1
10,178,1351,59836.44,1
1,179,1353,23572.46,1
9,182,1344,35634.04,1
5,183,1345,472.33,1
2,188,1349,28593.39,1
3,188,1367,4500.2,1
10,188,1353,23521.55,1
1,190,1345,11691.66,1
10,190,1341,99699.07,1
2,191,1364,7821.6,1
7,192,1367,13227.8,1
9,193,1340,21627.32,1
1,198,1367,9681.61,1
5,204,1348,4265.51,1
9,204,1351,36600.32,1
10,207,1340,102597.37,1
2,208,1347,91009.36,1
3,210,1358,661.29,1
4,1,1383,10590.96,1
3,4,1386,8671.68,1
6,4,1376,14463.72,1
10,4,1397,27622.74,1
5,6,1383,2980.79,1
6,6,1372,5170.26,1
5,15,1396,7518.1,1
10,15,1373,38408.99,1
7,20,1384,29382.98,1
9,20,1373,26205.75,1
3,22,1393,3170.66,1
10,22,1398,36635.13,1
4,27,1388,668.5,1
2,28,1378,10522.74,1
2,30,1395,6067.41,1
8,30,1399,6059.37,1
10,30,1378,94938.76,1
10,31,1398,47795.84,1
1,33,1374,6232.88,1
7,34,1371,4970.38,1
4,36,1375,2039.35,1
9,36,1384,33784.46,1
3,38,1397,7082.89,1
7,38,1370,8030.02,1
7,41,1383,12990.85,1
9,41,1378,60090.7,1
2,43,1384,7484.28,1
6,43,1371,6111.49,1
10,43,1378,23118.88,1
3,44,1400,1055.15,1
9,52,1373,22575.11,1
1,57,1376,34123.22,1
8,57,1391,5177.17,1
3,62,1400,5389.19,1
1,65,1388,7292.87,1
4,67,1396,5325.53,1
9,68,1375,28053.58,1
8,70,1375,14382.24,1
6,71,1370,17079.63,1
7,75,1379,5335.42,1
2,83,1383,12330.93,1
10,87,1389,34781.78,1
3,88,1382,575.06,1
8,88,1398,8603.2,1
2,93,1376,8554.57,1
3,93,1377,7370.72,1
10,93,1377,40171.57,1
1,98,1376,16842.49,1
6,98,1398,4551.52,1
1,101,1377,13665.57,1
2,106,1386,4789.06,1
10,107,1390,49851.97,1
3,110,1391,8063.03,1
2,118,1392,11178.24,1
9,120,1370,38498.63,1
6,121,1386,9781.8,1
6,124,1399,23256.99,1
8,128,1374,9019.66,1
7,133,1383,7428.8,1
3,135,1379,4200.55,1
9,137,1374,23091.08,1
10,138,1396,29745.29,1
3,141,1391,4019.18,1
8,141,1373,4949.96,1
9,141,1397,43333.09,1
3,142,1371,1509.18,1
9,142,1387,47523.48,1
6,143,1378,25460.95,1
8,146,1382,14832.98,1
4,150,1399,2368.57,1
7,156,1376,10852.35,1
7,160,1389,25280.58,1
9,162,1377,25656.94,1
9,165,1399,55794.56,1
2,167,1392,18064.83,1
9,167,1399,24352.4,1
6,168,1372,6149.24,1
9,168,1391,30705.7,1
1,173,1388,7489.44,1
10,174,1391,48159.01,1
7,178,1378,8079.33,1
9,178,1379,26961.46,1
2,179,1386,6713.73,1
9,182,1373,24356.19,1
4,183,1372,8338.67,1
2,186,1399,5144.93,1
4,186,1394,1985.7,1
2,188,1395,15309.32,1
3,188,1388,3158.17,1
9,188,1383,34245.37,1
2,198,1390,19675.66,1
3,202,1385,4043.37,1
6,202,1373,11195.81,1
10,202,1381,31260.9,1
4,204,1393,9988.57,1
9,204,1374,36706.04,1
1,206,1379,7140.38,1
9,206,1376,86940.26,1
10,207,1381,345504.97,1
4,1,1411,4245.13,1
5,4,1404,9850.75,1
8,4,1411,28816.63,1
10,4,1407,47164.28,1
8,5,1406,7457.99,1
7,7,1405,14051.16,1
1,8,1402,4769.69,1
6,8,1426,4577.64,1
1,9,1414,9013.11,1
5,22,1426,493.36,1
10,22,1406,59769.9,1
3,23,1430,7828.01,1
9,23,1412,19857.11,1
5,27,1423,10591.73,1
9,31,1413,76267.04,1
8,34,1401,5317.91,1
10,35,1429,461513.42,1
1,37,1416,11784.73,1
6,37,1415,5956.52,1
4,38,1402,17783.22,1
8,38,1407,6567.75,1
8,42,1404,11241.47,1
9,42,1429,64316.17,1
1,43,1413,8038.54,1
8,43,1413,10236.19,1
10,43,1402,131422.5,1
5,44,1403,8957.59,1
6,45,1404,6171.72,1
2,46,1406,17527.28,1
1,51,1407,19233.55,1
3,51,1408,7167.61,1
8,51,1402,6285.73,1
4,53,1413,750.18,1
9,54,1404,20292.1,1
5,67,1409,18647.59,1
10,68,1415,24221.88,1
6,70,1430,9839.44,1
9,74,1422,23105.62,1
2,86,1418,24587.92,1
4,86,1424,5718.92,1
9,87,1429,23153.76,1
3,88,1412,2221.34,1
8,88,1403,10867.76,1
3,91,1413,712.75,1
6,91,1429,16167.86,1
1,93,1406,35819.46,1
5,93,1404,14825.31,1
10,93,1410,46370.93,1
4,94,1423,1756.67,1
2,98,1418,50300.54,1
8,98,1407,5885.4,1
1,100,1406,6582.9,1
9,100,1402,29143.05,1
2,106,1414,4871.44,1
5,116,1411,3993.72,1
7,116,1427,5146.64,1
9,120,1401,49300.4,1
9,122,1404,24875.77,1
7,124,1410,5222.0,1
6,128,1408,7316.52,1
4,135,1401,1177.5,1
10,138,1413,54679.3,1
2,139,1407,14725.08,1
7,143,1401,5642.77,1
7,144,1411,5579.47,1
9,145,1408,89841.62,1
8,146,1415,7314.96,1
7,147,1408,65337.85,1
9,147,1408,190104.81,1
10,151,1413,23039.84,1
4,152,1409,11887.36,1
7,156,1430,7164.05,1
8,160,1404,6453.76,1
3,161,1404,4147.01,1
7,168,1413,11240.35,1
9,168,1430,90169.18,1
1,173,1420,5601.54,1
8,178,1430,6636.12,1
10,178,1426,28010.82,1
1,180,1410,4806.06,1
2,181,1428,10522.05,1
5,185,1427,3692.99,1
2,186,1402,14862.44,1
5,186,1427,3148.91,1
1,188,1425,11395.44,1
3,188,1419,16607.38,1
10,188,1426,142616.8,1
1,195,1424,6145.92,1
2,198,1422,7134.54,1
10,199,1412,34869.43,1
4,204,1416,32347.83,1
9,204,1420,104411.86,1
2,206,1409,5645.29,1
10,206,1414,49168.35,1
9,207,1404,27637.23,1
1,208,1411,25259.36,1
3,209,1413,1607.11,1
5,4,1442,10983.73,1
8,4,1443,4758.24,1
9,4,1455,22234.74,1
8,5,1445,53255.22,1
6,7,1444,17773.58,1
2,9,1452,7851.59,1
3,15,1454,1863.93,1
9,15,1437,26690.29,1
8,20,1439,13272.55,1
9,20,1437,84028.9,1
5,22,1431,8076.38,1
10,22,1449,25065.64,1
5,23,1439,18046.61,1
10,23,1437,31896.75,1
2,24,1435,21644.78,1
6,24,1439,5429.39,1
9,24,1457,24118.52,1
2,30,1454,13749.33,1
6,30,1446,9816.01,1
10,30,1455,54113.9,1
1,37,1457,5066.76,1
6,37,1436,9424.68,1
4,38,1441,3539.61,1
8,38,1444,9627.72,1
6,49,1454,39963.63,1
10,52,1451,86768.45,1
1,59,1461,5321.57,1
5,67,1456,1633.57,1
10,68,1447,39405.29,1
6,69,1436,49738.95,1
10,69,1441,25204.81,1
7,71,1459,13529.76,1
4,73,1461,8485.94,1
9,74,1433,30451.16,1
2,79,1445,15272.11,1
5,79,1446,22431.82,1
1,83,1454,5041.18,1
2,86,1433,6458.89,1
3,86,1449,8868.51,1
10,87,1451,27674.24,1
3,88,1453,1333.74,1
7,88,1447,14582.22,1
3,91,1431,3372.99,1
6,91,1437,7121.5,1
2,93,1445,5670.74,1
5,93,1444,1292.38,1
9,93,1436,108443.69,1
2,98,1433,9611.41,1
6,98,1442,10367.64,1
2,100,1449,16495.91,1
9,100,1439,38914.42,1
1,106,1448,6829.87,1
10,107,1455,60227.18,1
5,110,1454,2044.71,1
1,113,1457,5553.45,1
3,116,1442,18562.7,1
6,116,1446,16681.46,1
1,118,1440,6118.61,1
10,120,1445,126053.97,1
6,121,1434,94234.79,1
9,122,1446,27561.56,1
7,131,1431,6835.08,1
2,139,1446,9718.36,1
9,145,1445,37695.16,1
6,146,1431,12094.93,1
9,151,1461,46184.82,1
1,167,1452,7247.51,1
10,167,1446,48796.56,1
6,168,1458,16568.88,1
10,168,1460,222606.74,1
8,170,1456,4856.52,1
9,170,1437,70583.84,1
1,172,1452,7616.88,1
2,173,1443,6560.48,1
7,178,1448,9358.57,1
9,178,1454,50582.94,1
2,179,1450,4766.78,1
2,180,1450,28650.15,1
1,181,1457,6037.45,1
2,188,1434,8147.77,1
4,188,1436,1605.68,1
10,188,1453,27451.91,1
1,190,1454,37679.14,1
9,190,1447,124404.59,1
2,195,1436,62064.44,1
2,208,1441,4877.22,1
3,1,1465,3113.64,1
3,4,1490,15209.46,1
8,4,1472,11257.78,1
10,4,1490,46380.26,1
8,5,1471,4548.09,1
2,8,1492,7464.8,1
6,8,1480,4726.54,1
2,9,1472,7167.7,1
7,14,1473,5052.31,1
9,14,1470,24383.48,1
5,15,1472,57478.05,1
9,15,1492,57133.18,1
1,18,1463,7864.95,1
3,18,1466,1837.8,1
9,18,1484,91980.86,1
4,27,1485,36360.38,1
1,28,1491,11897.84,1
10,31,1479,20622.77,1
10,35,1479,95407.57,1
1,37,1480,15751.52,1
6,37,1462,19910.62,1
4,38,1479,2492.82,1
7,38,1474,10213.91,1
6,41,1489,16736.71,1
10,41,1487,82739.88,1
3,44,1481,4205.93,1
2,51,1486,10988.98,1
5,51,1482,150881.68,1
7,51,1471,10438.07,1
3,53,1468,13153.07,1
1,59,1462,11312.92,1
8,63,1471,27264.39,1
10,63,1467,32427.86,1
1,65,1475,5106.48,1
5,66,1491,4011.02,1
8,66,1479,6529.62,1
10,66,1485,25799.54,1
6,71,1484,6279.72,1
10,74,1469,33152.69,1
7,75,1464,4370.72,1
2,77,1466,13991.98,1
7,77,1484,21490.43,1
9,77,1465,29078.8,1
1,86,1464,72014.06,1
5,86,1473,800.88,1
5,88,1489,6832.42,1
7,88,1486,5125.38,1
2,93,1471,6049.63,1
4,93,1487,762.84,1
10,93,1484,33586.68,1
2,98,1486,8549.67,1
6,98,1487,6818.63,1
1,100,1466,10699.4,1
10,100,1467,64674.77,1
2,106,1480,8100.08,1
9,107,1475,58176.02,1
3,109,1478,4654.9,1
5,110,1467,5408.38,1
2,113,1474,9214.44,1
1,114,1474,6205.11,1
8,115,1476,5905.09,1
3,116,1478,31024.56,1
6,116,1468,19122.62,1
9,120,1469,50813.87,1
9,122,1466,26733.72,1
7,124,1465,7177.17,1
2,125,1479,9344.03,1
4,125,1467,1269.21,1
5,127,1474,14286.73,1
4,130,1485,2857.48,1
4,135,1470,575.51,1
10,137,1471,23731.71,1
7,143,1463,8153.97,1
10,145,1462,27219.85,1
7,146,1474,22192.46,1
4,152,1487,3449.09,1
8,156,1474,10698.78,1
5,161,1462,2020.98,1
10,162,1467,67185.03,1
3,164,1487,1507.51,1
10,166,1465,42748.9,1
8,168,1474,8450.47,1
9,168,1486,32003.38,1
8,170,1478,12743.46,1
10,170,1482,26396.21,1
2,172,1477,43721.78,1
1,177,1465,6974.26,1
10,177,1480,26241.69,1
7,178,1462,6687.52,1
10,178,1486,47745.66,1
9,182,1477,131998.96,1
4,183,1485,5973.86,1
2,188,1469,6269.15,1
3,188,1491,23872.84,1
9,188,1468,47694.39,1
2,190,1469,27081.49,1
9,190,1468,33697.58,1
7,192,1486,5987.93,1
1,195,1467,7424.8,1
10,199,1469,51634.52,1
4,202,1480,25051.93,1
8,202,1479,13131.94,1
10,202,1470,30098.96,1
10,203,1466,20752.68,1
2,206,1471,14398.98,1
10,206,1480,58160.56,1
9,207,1464,26581.03,1
1,208,1470,10534.82,1
4,210,1471,7676.94,1
4,1,1497,2642.6,1
7,7,1493,5273.42,1
1,8,1521,50953.66,1
7,8,1509,5216.68,1
2,9,1508,5640.24,1
1,18,1510,8635.07,1
4,18,1501,4419.34,1
10,18,1505,32509.29,1
3,23,1503,2303.39,1
9,23,1507,29153.99,1
3,27,1513,5927.95,1
2,28,1514,8870.69,1
9,31,1501,34455.99,1
1,33,1495,8076.37,1
6,34,1495,7016.81,1
9,35,1495,147842.36,1
3,36,1500,8033.66,1
10,36,1516,39439.86,1
5,38,1508,12104.77,1
8,38,1505,5444.53,1
2,46,1520,30984.31,1
5,62,1497,1598.67,1
8,63,1497,9455.41,1
10,63,1495,63418.6,1
3,67,1511,28750.53,1
9,74,1517,33201.27,1
6,75,1521,15907.97,1
2,79,1515,10583.76,1
3,79,1509,7517.57,1
6,81,1516,5034.93,1
8,85,1498,5783.38,1
2,86,1498,14063.31,1
5,86,1495,4433.94,1
9,87,1499,34612.77,1
3,88,1501,1351.78,1
6,88,1493,9291.67,1
1,93,1512,23789.03,1
4,93,1508,1925.89,1
10,93,1498,36332.59,1
1,98,1500,27532.6,1
6,98,1497,8205.3,1
4,109,1493,851.65,1
2,113,1498,12561.93,1
1,114,1519,13457.83,1
6,115,1496,11032.35,1
3,116,1494,6081.62,1
8,116,1505,11648.76,1
6,121,1516,4694.47,1
9,122,1511,208435.75,1
2,125,1498,78307.76,1
4,125,1506,8398.05,1
7,131,1507,6844.03,1
7,133,1502,9089.96,1
4,142,1513,1514.9,1
9,142,1513,22667.5,1
9,145,1521,112148.73,1
8,147,1494,7781.83,1
10,147,1499,63675.1,1
5,150,1500,3766.78,1
4,152,1505,23860.67,1
8,156,1504,11788.93,1
4,161,1503,1814.6,1
1,167,1521,12338.79,1
10,167,1506,21716.75,1
7,168,1519,7555.12,1
10,168,1511,134752.54,1
8,170,1521,22787.97,1
10,170,1497,28143.39,1
2,172,1515,4961.4,1
2,173,1496,6190.2,1
9,174,1497,49585.18,1
1,176,1514,9443.89,1
2,177,1495,7967.58,1
10,177,1495,39649.83,1
8,178,1507,7707.09,1
10,178,1495,71226.35,1
2,179,1514,70314.02,1
10,182,1514,24528.57,1
5,183,1498,2964.08,1
5,185,1518,1317.57,1
2,188,1497,7590.42,1
3,188,1501,2584.97,1
9,188,1504,45096.93,1
1,190,1515,37266.11,1
9,190,1501,35814.14,1
1,191,1494,16733.92,1
7,192,1521,6996.95,1
9,199,1511,133368.29,1
9,203,1494,28363.99,1
4,204,1509,1147.39,1
10,204,1520,138675.74,1
4,209,1519,4895.46,1
4,4,1530,856.15,1
6,4,1551,8395.63,1
10,4,1530,86138.08,1
6,5,1534,8477.98,1
2,8,1529,26585.89,1
6,8,1544,49163.13,1
5,15,1548,5113.48,1
9,15,1522,25893.62,1
5,27,1541,11236.2,1
9,31,1548,35371.5,1
6,34,1549,13078.05,1
5,36,1532,4391.46,1
9,36,1523,31882.6,1
1,37,1533,8704.51,1
7,37,1552,5405.47,1
3,38,1523,13991.54,1
7,38,1531,6202.35,1
7,41,1525,5809.48,1
10,41,1534,64463.08,1
6,49,1549,16481.76,1
9,52,1537,70684.89,1
4,53,1543,3650.1,1
4,62,1524,16815.81,1
7,63,1533,14371.23,1
10,63,1543,25013.77,1
2,65,1542,10413.89,1
4,66,1531,6508.23,1
7,66,1527,88002.77,1
9,66,1538,81416.16,1
5,67,1530,22953.48,1
7,69,1527,13233.58,1
9,69,1533,39394.69,1
5,73,1528,1638.66,1
1,77,1547,28348.1,1
6,77,1528,4595.33,1
9,77,1546,45558.0,1
1,79,1548,9704.44,1
3,79,1522,2261.82,1
8,85,1543,7063.34,1
2,86,1539,7360.37,1
4,86,1541,2372.79,1
10,87,1540,53399.38,1
4,88,1543,9111.59,1
6,88,1528,14096.82,1
4,91,1550,1705.04,1
8,91,1523,10109.13,1
5,94,1528,2155.63,1
2,100,1524,5274.6,1
10,100,1531,33647.18,1
1,101,1551,4740.14,1
10,107,1547,82218.58,1
3,109,1551,7387.37,1
2,113,1529,5780.88,1
8,115,1546,10200.13,1
10,120,1529,53462.26,1
7,121,1540,4731.69,1
9,122,1536,29246.48,1
7,124,1527,5127.26,1
4,126,1542,8273.38,1
1,129,1528,5502.26,1
5,130,1544,998.18,1
9,137,1522,52760.2,1
9,138,1541,43613.94,1
7,144,1525,14702.03,1
9,145,1535,46657.63,1
6,146,1541,5459.4,1
6,147,1542,4288.99,1
9,147,1530,26678.13,1
3,150,1540,438.43,1
9,151,1536,25622.38,1
3,152,1550,8376.48,1
7,156,1527,10774.65,1
8,160,1523,6727.96,1
5,161,1541,4139.87,1
4,164,1529,1298.74,1
10,165,1522,73515.1,1
9,166,1527,21536.19,1
2,167,1541,8562.52,1
9,167,1552,34560.4,1
7,168,1531,19572.57,1
10,168,1529,30298.31,1
7,170,1535,42553.23,1
9,170,1536,32774.98,1
2,173,1528,9531.65,1
1,176,1523,7553.63,1
1,190,1522,5917.82,1
9,190,1522,23621.85,1
2,191,1530,9318.61,1
10,193,1531,22925.24,1
1,195,1539,5273.95,1
9,199,1526,42017.72,1
1,208,1548,5693.35,1
3,209,1546,15555.35,1
4,1,1578,22588.95,1
8,5,1579,7557.19,1
2,9,1565,4619.67,1
7,14,1577,16774.25,1
9,14,1577,116232.16,1
5,15,1554,713.02,1
10,15,1576,45266.91,1
1,18,1575,18396.63,1
5,18,1564,2456.93,1
10,18,1562,129598.09,1
6,20,1555,5482.23,1
10,20,1570,50190.88,1
2,28,1573,21143.64,1
2,33,1563,20820.39,1
5,38,1580,5693.25,1
7,38,1580,20138.71,1
5,39,1554,626.3,1
8,42,1582,10004.51,1
10,42,1576,80030.0,1
7,45,1579,14496.63,1
1,46,1582,5345.37,1
7,49,1565,7407.14,1
2,51,1571,17879.88,1
4,51,1554,9731.52,1
8,51,1565,5998.74,1
10,54,1567,52921.31,1
1,57,1572,8331.37,1
8,57,1582,12141.5,1
3,62,1582,652.29,1
1,65,1574,8143.34,1
5,67,1555,17651.65,1
8,71,1557,11798.89,1
3,73,1578,3829.37,1
10,74,1572,43478.42,1
6,75,1579,15906.5,1
1,83,1556,29908.46,1
2,86,1554,62886.93,1
3,86,1557,3702.53,1
3,88,1561,778.35,1
6,88,1580,5904.7,1
1,93,1563,23777.36,1
5,93,1563,10965.31,1
10,93,1579,178169.34,1
4,94,1554,3959.08,1
2,101,1576,11532.73,1
2,106,1572,5727.69,1
4,109,1579,2455.45,1
8,115,1559,5554.08,1
3,116,1573,913.5,1
6,116,1568,12041.25,1
9,120,1569,97227.86,1
6,121,1565,19539.49,1
9,122,1579,360639.57,1
2,125,1556,29563.08,1
5,125,1558,6326.49,1
5,130,1567,2869.84,1
8,133,1560,8351.39,1
5,135,1562,1499.92,1
9,137,1571,28853.77,1
10,138,1554,59742.63,1
2,139,1573,21830.68,1
8,144,1562,5542.2,1
7,146,1577,4848.06,1
9,151,1576,50996.09,1
5,152,1563,2340.54,1
8,156,1553,4911.22,1
8,160,1582,4355.58,1
4,161,1554,6503.08,1
9,165,1565,36881.15,1
10,166,1576,88298.63,1
1,167,1554,9680.99,1
10,167,1569,45185.56,1
1,172,1577,8285.31,1
2,179,1553,10211.14,1
2,180,1562,18361.3,1
1,181,1568,5281.77,1
10,182,1577,67565.4,1
5,183,1554,2584.51,1
2,190,1560,29441.52,1
10,190,1562,73124.25,1
6,192,1574,38248.9,1
2,195,1560,70612.18,1
2,198,1568,5884.45,1
9,203,1577,35773.32,1
1,206,1575,13111.66,1
10,206,1563,34942.44,1
9,207,1581,22553.18,1
2,208,1573,4816.87,1
5,209,1554,4537.49,1
3,210,1582,5808.73,1
5,1,1588,20266.3,1
4,4,1585,2365.95,1
6,4,1590,12477.96,1
9,4,1588,103801.66,1
1,8,1602,4611.76,1
7,8,1587,8478.65,1
3,15,1600,11541.0,1
10,15,1609,39668.63,1
4,22,1589,626.37,1
9,22,1586,60641.01,1
1,24,1584,28350.54,1
8,24,1593,9843.95,1
9,24,1586,26654.97,1
5,27,1605,4601.13,1
2,30,1583,16233.26,1
7,30,1594,14989.48,1
9,30,1600,44727.13,1
1,33,1591,5343.22,1
9,35,1603,34388.71,1
4,38,1602,3067.25,1
6,38,1586,6220.74,1
4,39,1606,12654.48,1
8,41,1585,7568.58,1
10,41,1603,29730.26,1
6,42,1587,9786.01,1
10,42,1586,22942.79,1
5,44,1608,2503.41,1
8,45,1600,21550.34,1
2,51,1603,6440.07,1
5,51,1598,946.68,1
8,51,1601,4494.49,1
10,52,1602,65862.58,1
9,54,1592,37724.49,1
2,57,1584,4637.66,1
7,57,1591,15236.99,1
2,59,1594,6281.58,1
2,65,1607,25747.33,1
5,66,1602,2446.55,1
8,66,1611,17712.32,1
9,66,1598,51864.26,1
5,67,1607,8475.5,1
10,68,1589,33736.58,1
7,70,1587,19421.62,1
6,71,1587,4418.62,1
3,73,1593,9573.1,1
6,75,1605,7377.75,1
1,77,1605,5065.22,1
7,77,1591,9430.85,1
10,77,1585,69829.8,1
1,79,1603,7723.52,1
4,79,1605,5526.91,1
7,85,1613,6805.44,1
2,86,1584,16098.21,1
5,86,1586,5081.39,1
5,91,1588,6827.13,1
7,91,1594,4991.34,1
2,93,1591,6977.77,1
4,93,1602,2365.26,1
9,93,1601,35591.48,1
1,100,1600,52783.62,1
10,100,1604,39851.28,1
2,101,1587,27963.32,1
4,109,1612,2712.12,1
2,114,1602,4594.76,1
8,121,1586,8460.48,1
1,125,1592,92612.18,1
4,125,1586,3041.99,1
1,129,1583,10564.18,1
7,131,1597,4902.5,1
5,135,1587,22667.36,1
5,141,1602,4839.27,1
6,141,1600,4430.35,1
10,141,1591,105539.84,1
7,143,1604,5877.14,1
7,144,1584,8157.32,1
8,146,1610,5917.71,1
7,147,1593,15932.58,1
10,147,1595,26941.39,1
6,156,1608,5154.06,1
10,166,1586,42304.13,1
2,167,1611,6356.49,1
10,167,1583,25334.56,1
2,172,1591,5851.31,1
1,173,1613,26630.35,1
1,176,1612,14159.09,1
2,177,1593,7557.02,1
9,177,1600,79174.69,1
2,179,1587,5511.61,1
1,181,1603,18354.61,1
4,183,1610,552.27,1
3,185,1597,3133.53,1
2,186,1596,4729.11,1
3,186,1607,27366.22,1
2,190,1585,34612.41,1
10,190,1584,66554.9,1
1,191,1586,21372.96,1
6,192,1608,6234.27,1
1,195,1588,4582.56,1
1,198,1590,29848.49,1
10,199,1613,38251.69,1
9,203,1586,105837.37,1
4,204,1605,4696.72,1
9,204,1596,29390.87,1
9,207,1593,41679.55,1
5,4,1616,4816.52,1
8,4,1634,18134.69,1
10,4,1620,29665.43,1
7,5,1639,10144.32,1
5,6,1643,3724.07,1
6,6,1616,47358.37,1
1,9,1615,24414.66,1
7,14,1631,7549.8,1
9,14,1623,21422.53,1
5,15,1618,4747.1,1
9,15,1622,86672.98,1
2,18,1639,20258.93,1
4,18,1635,3237.37,1
9,18,1642,26031.58,1
6,20,1639,99041.28,1
9,20,1640,49931.15,1
4,22,1618,722.09,1
10,22,1635,32737.63,1
4,23,1630,1676.59,1
9,23,1643,38845.94,1
3,27,1625,1471.89,1
9,31,1616,79581.97,1
2,33,1641,6513.75,1
8,34,1629,16502.91,1
2,37,1625,9518.67,1
7,37,1639,7872.62,1
5,38,1632,13009.54,1
8,38,1632,14634.19,1
5,39,1617,6146.16,1
8,42,1633,6199.01,1
9,42,1618,29395.93,1
8,45,1625,17794.8,1
1,46,1620,4398.34,1
8,49,1641,20215.44,1
2,51,1623,5140.53,1
5,51,1636,5755.39,1
8,51,1626,25688.83,1
5,53,1641,5008.09,1
10,54,1632,55192.7,1
2,57,1625,11084.66,1
7,57,1635,9459.85,1
6,63,1621,27539.42,1
9,63,1635,53186.42,1
4,66,1636,2316.21,1
6,66,1615,17604.46,1
10,66,1632,371837.37,1
4,67,1633,2465.75,1
10,74,1626,27523.12,1
2,79,1641,7446.42,1
4,79,1614,9148.18,1
5,88,1630,18909.14,1
6,88,1629,7113.62,1
5,94,1618,9834.78,1
1,101,1637,22261.55,1
3,110,1631,2716.78,1
1,118,1626,6130.27,1
9,120,1637,47309.56,1
3,126,1614,7957.1,1
6,128,1641,4385.92,1
6,131,1630,11521.72,1
7,133,1626,11751.26,1
5,135,1624,537.16,1
1,139,1633,11910.24,1
7,143,1630,9143.66,1
7,144,1629,11775.69,1
5,150,1641,736.48,1
4,152,1630,750.95,1
9,162,1629,47331.11,1
9,165,1628,75537.01,1
6,170,1632,4775.39,1
9,170,1616,30565.09,1
1,172,1622,50504.48,1
1,176,1634,15905.01,1
2,181,1624,20150.46,1
4,183,1633,7704.69,1
5,185,1615,4841.12,1
1,186,1633,19346.87,1
3,186,1627,6243.86,1
2,188,1631,10119.15,1
5,188,1625,15329.16,1
9,188,1643,56081.49,1
2,191,1626,34308.25,1
1,195,1618,21666.98,1
9,207,1639,68275.02,1
1,208,1630,6436.56,1
5,1,1655,10035.35,1
4,4,1658,14332.06,1
7,4,1657,5543.57,1
10,4,1652,23684.91,1
6,5,1645,6868.37,1
8,14,1664,5358.35,1
9,14,1668,35161.79,1
3,15,1646,1487.08,1
10,15,1656,30858.23,1
2,18,1661,17189.91,1
4,18,1659,3458.41,1
10,18,1656,35550.19,1
8,20,1646,10043.53,1
9,20,1667,137788.34,1
2,24,1652,9703.9,1
8,24,1664,10341.75,1
9,24,1667,31056.04,1
5,27,1661,14783.07,1
2,28,1648,17705.23,1
1,30,1649,11656.17,1
8,30,1669,9046.21,1
9,30,1671,36100.5,1
10,31,1652,59318.51,1
1,33,1655,6745.31,1
5,36,1674,712.28,1
9,36,1659,49189.82,1
2,37,1644,6266.0,1
6,37,1653,7783.94,1
4,38,1665,2764.21,1
6,38,1644,4468.09,1
8,42,1674,7476.85,1
10,42,1674,64105.97,1
2,43,1669,16725.4,1
7,43,1656,5368.88,1
10,43,1668,49405.74,1
2,51,1664,11701.98,1
5,51,1658,63472.74,1
8,51,1658,8160.08,1
2,57,1664,12345.49,1
8,57,1649,11391.69,1
4,62,1644,702.86,1
2,65,1664,7814.39,1
9,68,1672,24820.53,1
4,73,1667,14110.56,1
9,74,1666,27764.87,1
7,75,1666,28885.9,1
7,81,1673,12226.51,1
6,85,1660,10986.2,1
2,86,1649,11672.61,1
3,86,1647,3245.51,1
9,87,1667,37235.09,1
4,88,1673,5886.64,1
8,88,1652,5432.6,1
5,91,1646,681.29,1
6,91,1669,6666.93,1
1,93,1672,6031.5,1
4,93,1663,454.61,1
9,93,1670,78993.98,1
5,94,1662,10381.69,1
2,98,1668,6304.5,1
8,98,1659,35474.18,1
1,100,1656,5754.63,1
9,100,1655,24206.38,1
2,101,1666,9984.26,1
1,106,1648,5451.41,1
5,109,1669,2906.35,1
5,110,1671,1404.04,1
2,113,1674,4529.62,1
4,116,1657,1951.63,1
7,116,1646,16266.68,1
1,118,1670,85422.51,1
7,121,1644,46678.79,1
10,122,1668,32953.11,1
8,124,1669,12461.95,1
4,126,1674,5241.07,1
2,129,1667,13967.06,1
6,131,1671,5774.51,1
8,133,1650,13514.79,1
3,135,1658,7979.01,1
9,137,1659,30975.63,1
2,139,1671,9037.55,1
3,142,1655,725.94,1
10,142,1646,25959.04,1
6,146,1652,5603.62,1
8,147,1670,8703.04,1
10,147,1671,44245.42,1
7,156,1649,16132.97,1
10,162,1661,31545.23,1
5,164,1649,19784.52,1
9,165,1671,63546.16,1
1,167,1656,6614.57,1
10,167,1659,28067.77,1
8,168,1651,38129.72,1
9,168,1665,35312.8,1
2,172,1657,8769.42,1
2,177,1660,10735.53,1
9,177,1658,47455.75,1
8,178,1669,16856.88,1
10,178,1659,47013.82,1
1,181,1670,22450.65,1
10,182,1646,40522.22,1
3,183,1674,8240.5,1
1,186,1661,14368.13,1
4,186,1644,2475.96,1
2,191,1657,23460.71,1
2,195,1661,15901.75,1
1,198,1649,8110.91,1
3,209,1663,869.08,1
4,210,1674,1249.25,1
6,20,1694,4424.09,1
9,20,1689,45430.43,1
1,24,1698,5325.97,1
6,24,1693,6523.76,1
9,24,1684,200501.84,1
1,28,1682,9709.14,1
10,31,1699,34374.08,1
1,33,1686,6045.04,1
3,36,1676,25570.76,1
10,36,1689,52177.89,1
5,38,1699,11968.25,1
6,38,1682,9925.17,1
8,42,1690,5983.61,1
10,42,1685,39544.92,1
1,43,1699,11637.45,1
6,43,1685,6315.56,1
9,43,1678,50976.68,1
5,44,1704,1056.59,1
4,53,1677,2576.13,1
9,54,1702,135603.42,1
4,62,1693,507.29,1
2,65,1678,20090.69,1
4,66,1675,12129.73,1
8,66,1690,6126.4,1
9,66,1686,28058.72,1
6,69,1694,10094.59,1
9,69,1681,36754.25,1
8,70,1685,5452.78,1
7,71,1702,8057.48,1
3,73,1687,686.03,1
1,77,1680,27450.2,1
8,77,1688,10820.07,1
10,77,1687,37291.44,1
1,83,1677,7270.43,1
7,85,1698,4894.62,1
5,94,1685,5148.69,1
1,98,1703,5711.53,1
8,98,1680,39789.1,1
2,101,1688,10032.93,1
10,107,1701,25891.28,1
4,116,1690,11602.3,1
6,116,1686,11598.08,1
2,118,1691,6072.68,1
6,124,1692,8996.14,1
3,126,1682,2738.53,1
7,128,1703,12988.27,1
2,129,1689,7938.87,1
8,133,1704,6388.7,1
4,135,1700,1358.0,1
10,138,1678,41530.95,1
5,141,1691,4552.43,1
6,141,1704,11957.31,1
9,141,1700,24190.7,1
8,146,1678,5133.83,1
3,161,1687,5119.02,1
9,165,1675,72810.16,1
9,166,1683,46962.79,1
7,170,1696,16143.48,1
10,170,1696,93028.53,1
2,172,1693,23894.3,1
2,173,1680,9514.28,1
10,174,1703,49471.49,1
2,177,1686,9826.77,1
9,177,1682,46540.62,1
2,179,1675,16341.65,1
1,180,1691,20118.11,1
2,181,1683,13891.34,1
9,182,1703,19682.11,1
6,192,1702,34349.94,1
9,199,1687,24063.0,1
5,202,1675,9210.29,1
8,202,1698,22397.88,1
9,202,1681,30715.8,1
1,206,1700,8410.01,1
9,206,1705,23481.29,1
9,207,1675,34054.69,1
2,208,1693,11121.16,1
5,1,1710,2084.72,1
6,5,1710,12958.61,1
8,14,1707,20724.44,1
9,14,1735,36821.2,1
7,20,1723,4268.58,1
10,20,1723,38424.83,1
5,27,1723,1365.37,1
7,34,1709,4538.01,1
9,35,1720,20842.16,1
5,36,1726,16632.55,1
9,36,1731,32231.24,1
3,38,1723,10751.12,1
8,38,1723,31112.72,1
8,42,1709,18709.73,1
10,42,1730,28761.6,1
1,51,1719,8927.22,1
3,51,1708,6199.39,1
7,51,1706,8682.59,1
1,57,1708,8372.42,1
7,57,1715,5298.82,1
8,63,1726,4220.49,1
10,63,1734,210921.26,1
2,65,1734,49510.88,1
5,66,1721,2265.31,1
7,66,1729,16866.93,1
9,66,1709,79933.18,1
10,68,1726,37985.39,1
8,69,1728,4779.19,1
10,69,1709,26101.99,1
6,70,1717,13907.58,1
7,71,1733,12757.88,1
4,73,1727,4558.59,1
9,74,1734,23215.87,1
6,75,1725,8686.74,1
2,79,1727,20831.16,1
5,79,1720,8808.9,1
10,87,1719,64858.81,1
2,93,1706,6225.39,1
4,93,1708,2577.55,1
9,93,1712,23025.3,1
5,94,1727,625.33,1
2,98,1731,10536.08,1
6,98,1732,6461.23,1
1,100,1724,6372.72,1
10,100,1722,29978.19,1
2,101,1709,5230.81,1
1,106,1723,12148.15,1
9,107,1733,45560.88,1
2,113,1719,71158.45,1
10,122,1711,42119.17,1
3,130,1709,4153.52,1
6,133,1722,12026.92,1
3,135,1716,5884.44,1
10,137,1719,24015.89,1
9,138,1715,228421.88,1
2,139,1733,9289.53,1
4,141,1728,2750.44,1
8,141,1722,21846.63,1
9,141,1711,118902.84,1
4,142,1715,4320.02,1
9,142,1714,112578.26,1
7,143,1717,4340.98,1
8,146,1720,5302.36,1
6,147,1709,39918.5,1
10,147,1714,34167.38,1
5,150,1733,445.21,1
10,151,1720,87525.13,1
8,160,1710,7661.27,1
5,164,1713,609.13,1
10,165,1706,25522.32,1
9,166,1711,69366.34,1
1,167,1706,12226.03,1
10,167,1721,37239.87,1
8,168,1711,5384.06,1
10,168,1719,37891.99,1
1,176,1726,5833.45,1
2,177,1720,8137.83,1
9,177,1720,27037.11,1
7,178,1727,10893.01,1
10,178,1728,33718.03,1
9,182,1717,40546.2,1
4,185,1715,9467.9,1
2,190,1723,6974.39,1
9,190,1710,31053.36,1
1,191,1721,24623.55,1
9,193,1734,38272.0,1
9,207,1713,33193.22,1
3,1,1764,1855.05,1
5,4,1736,563.97,1
8,4,1764,6172.51,1
10,4,1741,53489.66,1
7,5,1753,24967.08,1
3,6,1763,8268.58,1
8,6,1749,5182.74,1
7,7,1766,15531.26,1
6,20,1747,29082.74,1
10,20,1758,25536.49,1
5,23,1765,5396.28,1
9,23,1745,125542.78,1
1,24,1766,18055.23,1
6,24,1760,7531.69,1
9,24,1743,30457.07,1
5,27,1747,10839.8,1
2,30,1738,8763.81,1
8,30,1754,4877.6,1
10,30,1747,26992.52,1
2,33,1752,8422.81,1
3,36,1746,3646.06,1
9,36,1751,54310.35,1
1,37,1741,16013.83,1
6,37,1748,10337.71,1
3,38,1743,5585.22,1
8,38,1763,9753.11,1
2,43,1741,9400.14,1
7,43,1737,9503.57,1
9,43,1764,105337.69,1
1,51,1738,11709.86,1
3,51,1736,12373.29,1
6,51,1750,12604.65,1
10,52,1760,74990.82,1
9,54,1756,27423.68,1
1,57,1736,14640.66,1
8,57,1758,10472.21,1
8,63,1758,10235.36,1
10,63,1746,46513.48,1
1,65,1764,4501.96,1
3,66,1752,2794.23,1
7,66,1766,13682.48,1
9,66,1736,38077.43,1
10,68,1746,67070.79,1
8,71,1758,6436.28,1
3,73,1746,8027.86,1
2,77,1756,12392.44,1
8,77,1755,6375.07,1
9,77,1745,81992.76,1
7,81,1752,6965.19,1
2,83,1757,12014.19,1
8,85,1757,4436.83,1
1,100,1757,15813.72,1
9,100,1742,26961.22,1
4,109,1744,2972.82,1
9,122,1757,33370.96,1
6,124,1736,18866.69,1
4,126,1756,1878.24,1
4,127,1752,1078.04,1
8,133,1747,13350.98,1
5,135,1766,3274.85,1
10,137,1758,41564.19,1
1,139,1760,7175.7,1
4,142,1751,4305.59,1
9,142,1746,37274.46,1
7,143,1755,9505.16,1
9,145,1749,37937.97,1
5,150,1739,5015.34,1
5,152,1738,779.94,1
8,160,1761,7019.16,1
4,161,1745,2680.89,1
3,164,1755,9678.81,1
8,170,1759,15573.73,1
9,170,1743,150918.68,1
1,177,1738,26242.85,1
9,177,1741,36730.28,1
10,182,1755,39419.9,1
5,185,1743,2715.83,1
1,188,1737,15735.77,1
3,188,1739,2433.75,1
9,188,1764,113921.94,1
2,190,1742,8260.96,1
10,190,1763,32354.68,1
2,191,1746,9267.64,1
7,192,1749,12872.48,1
10,199,1762,24864.25,1
5,204,1739,2928.4,1
9,204,1738,70276.88,1
1,206,1744,14510.06,1
10,206,1740,25506.57,1
1,208,1761,13165.59,1
3,209,1766,861.24,1
4,210,1757,1716.98,1
4,4,1781,17170.31,1
7,4,1781,6127.1,1
10,4,1770,29039.13,1
8,5,1773,5837.81,1
1,8,1787,10034.99,1
8,8,1780,4423.22,1
1,9,1767,16004.43,1
8,14,1784,5199.05,1
10,14,1778,26571.32,1
5,15,1771,1313.91,1
10,15,1778,45857.09,1
4,22,1768,1784.82,1
10,22,1779,101804.67,1
3,23,1791,4005.25,1
10,23,1772,72648.09,1
3,27,1783,5575.81,1
5,39,1775,1321.79,1
8,41,1777,7237.38,1
9,41,1767,92704.87,1
7,42,1778,4678.11,1
9,42,1777,44548.54,1
1,43,1784,11963.32,1
7,43,1781,30363.49,1
10,43,1774,35237.89,1
7,45,1784,9488.44,1
1,46,1795,4203.36,1
1,51,1773,13754.04,1
3,51,1796,8045.19,1
8,51,1796,18993.86,1
9,52,1769,53400.7,1
5,53,1773,62361.06,1
10,54,1795,45554.72,1
1,57,1790,10078.45,1
6,57,1782,6917.54,1
7,63,1796,10312.24,1
10,63,1796,45979.4,1
2,65,1768,5188.36,1
3,66,1786,64857.14,1
6,66,1782,5139.89,1
9,66,1795,28510.79,1
5,67,1778,14907.65,1
9,68,1774,24503.55,1
8,69,1768,6612.44,1
10,69,1785,26839.01,1
7,71,1769,4888.43,1
4,73,1789,5766.87,1
2,79,1786,9436.36,1
5,79,1790,6457.88,1
9,87,1773,48407.03,1
4,88,1791,3376.47,1
7,88,1782,6142.6,1
4,91,1789,10628.92,1
8,91,1785,7001.11,1
1,98,1792,7102.54,1
7,98,1780,5590.53,1
2,101,1780,6482.54,1
1,106,1787,9137.02,1
10,107,1773,126790.43,1
5,109,1770,1817.22,1
4,110,1782,23147.81,1
1,114,1786,11566.09,1
7,115,1790,7858.19,1
4,116,1782,1593.36,1
8,116,1776,6060.58,1
1,118,1796,11907.25,1
9,120,1791,31872.0,1
10,122,1786,131388.81,1
7,124,1770,5397.96,1
4,130,1789,4331.76,1
9,138,1784,31222.86,1
1,139,1789,11480.81,1
5,141,1789,4402.53,1
6,141,1786,10520.21,1
9,141,1787,24539.81,1
10,145,1784,38484.32,1
8,147,1785,5920.27,1
10,147,1771,33494.43,1
3,150,1775,789.87,1
10,151,1767,53904.35,1
4,152,1794,4641.17,1
6,156,1772,4674.04,1
3,161,1787,5024.78,1
9,165,1786,45156.53,1
7,168,1769,13781.97,1
9,168,1795,32533.66,1
6,170,1767,14722.52,1
9,170,1782,23401.21,1
2,172,1792,5082.11,1
2,173,1769,7582.45,1
1,176,1769,19559.81,1
1,179,1792,15877.16,1
1,181,1774,9571.2,1
9,182,1777,33450.11,1
5,183,1790,2707.42,1
5,185,1775,2101.25,1
1,191,1784,6521.72,1
1,195,1772,8672.38,1
2,198,1776,11492.44,1
5,202,1784,9766.27,1
6,202,1782,23820.41,1
9,202,1785,28662.7,1
9,203,1775,28320.07,1
10,207,1779,52348.48,1
3,209,1778,5333.33,1
5,210,1774,5901.14,1
5,4,1807,5715.91,1
7,4,1800,5762.03,1
10,4,1812,102737.2,1
4,6,1807,2409.51,1
7,6,1814,7908.71,1
8,7,1827,12043.15,1
1,9,1804,37436.49,1
8,14,1805,34372.56,1
9,14,1817,22133.74,1
4,15,1808,4205.82,1
10,15,1822,178672.11,1
8,20,1801,5403.24,1
9,20,1812,131649.41,1
3,22,1823,16683.43,1
9,22,1813,98932.9,1
3,23,1813,11069.84,1
9,23,1826,80530.9,1
9,31,1811,71750.43,1
2,37,1799,28128.17,1
8,37,1820,9151.8,1
4,38,1816,1088.18,1
8,38,1811,4223.18,1
3,39,1821,91685.15,1
8,42,1817,7527.86,1
9,42,1812,60167.04,1
1,51,1811,8452.52,1
3,51,1809,1504.39,1
7,51,1821,5639.8,1
3,53,1808,944.58,1
7,63,1807,34161.06,1
10,63,1827,69843.77,1
2,65,1825,16340.72,1
9,68,1823,45461.94,1
6,69,1811,10951.95,1
9,69,1799,44730.08,1
8,70,1810,5152.95,1
7,71,1805,11599.72,1
4,73,1797,36600.35,1
9,74,1809,29818.63,1
2,79,1823,19582.31,1
3,79,1801,776.32,1
2,83,1810,13711.32,1
4,88,1817,4514.24,1
8,88,1820,4894.45,1
4,91,1812,806.13,1
6,91,1826,8986.87,1
2,93,1811,64718.71,1
4,93,1823,1902.56,1
10,93,1803,33063.52,1
2,100,1816,7245.92,1
10,100,1823,21961.06,1
2,101,1806,13664.72,1
2,106,1810,5129.75,1
4,109,1807,2652.38,1
3,116,1802,4643.95,1
8,116,1824,7282.74,1
10,120,1820,25994.14,1
8,121,1813,7072.58,1
6,128,1798,9749.88,1
5,130,1804,522.6,1
6,133,1817,4963.27,1
4,142,1815,2689.61,1
9,142,1823,70721.77,1
6,146,1825,9100.65,1
8,147,1797,23831.75,1
9,147,1810,23891.09,1
5,152,1810,6983.92,1
6,160,1799,5078.97,1
9,162,1824,32417.67,1
10,165,1825,27232.03,1
9,166,1813,24881.08,1
2,167,1817,6724.28,1
9,167,1807,139344.99,1
6,170,1822,6903.58,1
10,170,1816,35508.31,1
1,172,1801,6877.63,1
1,177,1811,12736.31,1
9,177,1805,43155.99,1
1,180,1819,5534.48,1
1,181,1814,24580.16,1
10,182,1799,118790.49,1
9,199,1811,45103.36,1
10,203,1824,23701.11,1
2,206,1797,6352.95,1
10,206,1803,26724.0,1
9,207,1802,28043.59,1
2,208,1822,8862.97,1
3,209,1815,4238.71,1
3,210,1801,1519.62,1
